,Hydrophobic_Interaction:ASP74A,Water_Bridge:GLY120A,Pi-Stacking:TYR341A,Pi-Stacking:TRP286A,Water_Bridge:SER125A,Hydrogen_Bond:SER125A,Hydrophobic_Interaction:TRP86A,Hydrogen_Bond:ASP74A,Pi-Stacking:TYR337A,Hydrogen_Bond:SER203A,Hydrogen_Bond:GLY121A,Water_Bridge:GLY122A,Hydrophobic_Interaction:TYR72A,Hydrophobic_Interaction:PHE297A,Water_Bridge:SER293A,Water_Bridge:TYR133A,Pi-Cation_Interaction:TRP86A,Hydrophobic_Interaction:LEU289A,Water_Bridge:ALA204A,Hydrophobic_Interaction:VAL294A,Water_Bridge:ASP74A,Hydrogen_Bond:TYR341A,Hydrophobic_Interaction:TYR337A,Water_Bridge:TYR124A,Hydrophobic_Interaction:TYR124A,Water_Bridge:HIS447A,Water_Bridge:TYR341A,Hydrophobic_Interaction:THR83A,Water_Bridge:SER203A,Pi-Stacking:HIS447A,Hydrophobic_Interaction:PHE338A,Pi-Stacking:PHE338A,Hydrophobic_Interaction:PHE295A,Hydrogen_Bond:GLY122A,Pi-Cation_Interaction:TYR337A,Pi-Stacking:TRP86A,Hydrogen_Bond:HIS447A,Hydrophobic_Interaction:ILE451A,Hydrogen_Bond:GLU202A,Hydrophobic_Interaction:TRP236A,LABEL
0,0,0,0,0,0,0,1,0,0,0,0,0,0,0,0,0,0,1,0,0,4,0,1,0,0,0,1,0,0,0,1,0,0,0,0,3,0,0,0,0,active
1,0,0,1,4,0,0,1,0,0,0,0,0,1,1,0,0,2,0,0,0,3,0,1,0,0,0,0,0,0,0,0,0,0,0,0,0,0,1,0,0,active
2,1,0,0,1,1,0,1,0,0,2,1,0,1,0,0,0,0,0,0,0,3,0,1,0,0,0,0,0,0,0,0,0,0,1,0,0,1,0,0,0,active
3,0,0,0,1,0,0,1,0,0,0,0,0,0,0,1,0,2,1,0,0,6,0,1,0,0,1,0,0,0,0,1,0,0,0,0,0,0,0,0,0,active
4,0,0,0,1,0,0,1,0,0,1,1,0,1,1,0,0,0,0,1,0,4,0,1,0,0,0,0,0,0,0,1,0,0,1,0,1,1,0,0,0,active
5,0,2,1,4,0,0,1,0,0,0,0,0,1,0,0,0,0,1,0,0,1,0,1,1,0,0,0,0,0,0,1,0,0,0,0,2,0,1,0,0,active
6,0,0,0,0,0,1,1,0,0,0,0,0,0,0,3,0,2,1,0,0,5,0,1,0,0,0,0,0,0,0,1,0,0,0,0,0,0,0,0,0,active
7,1,1,1,0,0,1,1,0,0,0,0,0,0,0,0,0,0,0,0,0,3,2,0,0,1,0,0,0,0,0,1,0,0,0,0,2,0,0,0,0,active
8,0,2,0,1,0,0,1,0,0,0,0,0,0,0,0,0,0,0,0,0,5,1,0,0,1,0,0,0,0,0,0,0,0,0,0,2,0,1,0,0,active
9,0,0,2,0,0,1,1,0,0,0,0,0,0,0,0,0,0,0,0,1,2,0,1,0,1,0,0,0,2,0,1,0,1,0,0,0,1,0,0,0,inactive
10,1,1,0,0,1,0,1,0,0,0,0,0,0,0,0,0,0,0,0,0,3,0,1,0,0,0,0,0,1,0,1,0,0,0,0,4,0,0,0,0,inactive
11,0,0,0,0,1,0,1,0,1,1,0,0,0,0,0,1,0,0,0,0,5,1,1,0,1,0,0,0,0,1,1,0,0,0,0,0,0,0,0,0,inactive
12,0,0,1,0,1,0,0,1,0,1,1,0,0,1,0,0,0,0,0,0,1,0,0,0,1,0,0,0,0,0,1,0,1,1,0,0,1,0,0,1,inactive
13,0,1,0,2,0,0,1,0,0,0,0,0,1,0,0,0,0,1,0,0,6,1,0,0,0,0,0,0,0,0,0,0,0,0,0,2,0,0,0,0,active
14,1,0,0,1,0,1,0,0,0,0,0,0,1,1,0,0,0,0,0,0,5,1,0,0,1,0,0,0,0,0,1,0,0,0,0,0,0,0,0,0,active
15,0,0,1,3,0,0,1,0,0,0,0,0,1,0,0,0,2,1,0,0,3,0,1,0,0,0,0,0,0,0,0,0,0,0,0,0,0,0,0,0,active
16,0,0,0,0,0,0,1,0,0,1,1,0,0,0,0,0,0,1,1,0,4,0,1,0,0,0,0,0,0,0,0,0,0,1,0,0,1,0,0,0,active
17,0,0,0,0,0,0,1,0,0,1,1,0,0,1,0,0,0,1,1,0,1,0,1,0,1,0,1,0,0,0,1,1,0,0,0,0,1,0,0,0,active
18,1,1,1,0,1,0,1,0,1,1,1,0,0,1,0,0,0,0,1,0,0,0,1,0,0,0,0,0,0,0,1,0,1,1,0,0,1,1,0,1,inactive
19,1,0,1,0,1,0,1,0,1,1,1,1,0,0,0,0,0,0,1,0,4,0,0,0,1,0,0,0,0,0,1,0,0,0,0,0,1,0,1,0,inactive
20,1,0,0,0,2,0,1,2,2,0,0,0,1,0,0,0,0,1,0,0,0,0,1,0,1,0,0,0,0,0,1,0,0,0,0,0,0,0,0,0,inactive
21,1,0,0,0,0,0,1,0,0,1,1,0,1,0,0,0,0,0,1,0,5,0,1,0,0,0,0,0,0,0,1,0,0,1,0,0,1,0,0,0,inactive
22,0,0,1,1,1,0,1,1,0,0,0,0,0,1,0,0,0,1,0,0,6,0,0,0,1,0,0,0,0,0,1,0,0,0,0,0,0,0,0,0,inactive
23,1,0,1,0,0,1,1,2,0,0,0,0,0,1,0,0,0,0,0,0,1,1,1,1,1,0,0,0,0,0,0,0,0,0,0,2,0,0,0,0,inactive
24,0,0,2,0,0,1,1,1,0,0,0,0,1,1,0,0,0,0,0,0,0,1,0,1,1,1,0,0,1,0,1,0,0,0,0,0,0,0,0,0,inactive
25,1,0,0,0,0,1,1,1,0,0,0,0,0,0,0,0,0,0,0,0,3,0,1,0,0,0,0,1,0,0,1,0,0,0,0,1,0,0,0,0,inactive
26,0,2,0,0,1,0,1,2,0,1,0,0,1,1,0,0,0,0,0,0,0,2,0,0,1,0,0,0,0,0,1,0,0,0,0,0,1,0,0,0,active
27,1,0,0,1,0,1,0,1,0,0,0,0,1,1,0,0,0,0,0,0,5,2,0,0,1,0,0,0,0,0,1,0,0,0,0,0,0,0,0,0,active
28,0,0,1,0,1,0,1,0,0,1,1,0,0,1,0,0,0,0,1,1,3,0,1,0,0,0,0,0,0,0,1,0,0,1,0,0,0,0,0,0,active
29,1,0,1,1,0,0,1,0,0,0,0,0,1,0,0,0,0,0,0,0,5,0,1,0,0,0,0,0,0,0,1,0,0,0,0,0,0,0,0,0,active
30,1,0,0,1,0,0,1,0,0,0,0,0,0,0,4,0,0,1,0,0,3,1,1,0,0,0,0,0,0,0,0,0,0,0,0,0,0,0,0,0,active
31,1,0,0,0,1,1,1,0,1,0,0,0,1,1,0,0,0,0,0,0,2,0,1,0,1,0,0,0,0,0,1,1,1,0,0,2,0,0,0,0,inactive
32,1,0,0,0,1,0,1,0,0,0,0,0,0,1,0,0,0,1,0,0,3,1,1,0,0,0,0,0,0,0,1,0,0,0,0,2,0,0,0,0,inactive
33,1,0,0,1,0,0,1,0,0,0,0,0,0,0,0,0,0,0,0,0,3,0,1,0,1,1,0,1,0,0,0,0,0,0,0,0,0,0,0,0,inactive
34,1,0,0,0,0,1,1,3,0,0,0,0,1,0,0,0,0,0,0,0,0,1,0,0,1,0,0,0,0,0,1,0,0,0,1,2,0,0,0,0,inactive
35,1,0,1,1,0,0,1,0,1,1,1,0,1,0,0,0,0,0,1,0,2,0,0,0,0,1,0,0,0,1,1,0,0,1,0,0,0,0,0,0,inactive
36,0,0,0,2,0,1,1,0,1,0,0,0,1,0,0,0,0,0,0,0,5,0,1,0,0,0,0,0,0,1,1,0,0,0,0,0,0,0,0,0,inactive
37,0,0,0,0,0,0,1,1,0,1,1,0,0,1,0,0,0,0,0,0,0,0,1,0,0,2,0,0,0,0,1,0,1,1,0,0,0,1,0,0,inactive
38,1,0,0,0,0,0,1,3,0,1,1,0,1,0,0,0,0,0,1,0,0,1,0,0,0,0,0,0,0,1,1,0,0,1,0,0,1,1,0,0,inactive
39,1,0,0,1,1,0,1,1,0,2,0,0,0,1,0,1,0,0,0,0,0,1,0,0,1,0,0,0,0,0,0,0,0,1,0,0,0,0,0,0,inactive
40,0,0,0,0,2,0,1,0,1,0,0,2,0,1,0,0,0,0,0,0,3,0,1,0,0,0,0,0,0,1,1,0,0,0,0,0,0,0,0,0,inactive
41,1,0,0,0,0,1,1,1,0,0,0,0,0,0,1,0,0,1,0,0,5,0,1,0,0,0,0,0,0,0,1,0,0,0,0,1,0,0,0,0,inactive
42,0,0,1,0,2,0,1,0,0,0,0,0,0,0,0,1,0,0,0,0,4,0,1,0,0,0,0,0,0,0,0,0,0,0,0,0,0,0,0,0,inactive
43,1,0,1,0,2,0,1,1,0,0,0,1,0,1,0,0,0,0,0,0,0,0,1,0,1,0,0,0,0,0,1,1,1,0,0,0,0,0,0,0,inactive
44,1,0,0,0,1,0,1,1,0,1,1,0,0,0,0,0,0,0,1,0,0,0,1,0,1,0,0,0,1,0,0,1,0,1,0,0,1,1,0,0,inactive
45,0,0,0,0,0,0,1,0,0,1,1,0,1,0,0,0,0,1,1,0,3,0,1,0,0,1,0,0,0,0,0,0,0,1,0,0,0,0,0,0,active
46,0,0,0,2,0,0,1,0,0,1,1,0,1,1,0,0,0,0,0,0,2,0,1,0,0,0,0,0,0,0,0,0,0,1,0,0,1,0,1,0,active
47,0,0,0,1,0,0,1,0,0,1,0,0,1,1,0,1,0,1,0,0,2,0,1,0,0,0,0,0,0,0,1,0,0,0,0,1,0,0,1,0,active
48,0,0,0,3,0,0,1,0,0,0,0,0,1,0,0,0,0,1,0,0,0,1,1,0,0,0,0,0,0,0,1,0,0,0,0,1,0,1,0,0,active
49,0,0,1,0,0,0,1,0,0,2,1,0,0,1,0,0,0,0,0,0,1,0,1,0,0,0,0,0,0,0,1,0,0,1,0,0,0,0,0,0,active
50,0,1,0,2,0,0,1,0,0,0,0,0,1,1,1,0,0,0,0,0,1,0,1,0,0,0,0,0,0,0,1,0,0,0,0,3,0,0,0,0,active
51,0,1,0,3,0,0,1,0,0,0,0,0,1,1,0,0,0,1,0,0,3,0,0,0,0,0,0,0,0,0,0,0,0,0,0,2,0,0,0,0,active
52,0,1,0,3,0,0,1,0,0,0,0,0,1,1,1,0,0,1,0,0,0,0,1,0,0,0,0,0,0,0,1,0,0,0,0,2,0,0,0,0,active
53,0,0,0,2,0,0,1,0,0,1,1,1,1,1,0,0,0,1,0,0,0,0,0,0,0,0,0,0,0,2,1,0,1,0,0,0,1,0,0,0,active
54,0,0,2,0,1,0,1,1,0,0,0,0,0,1,0,0,0,0,0,0,1,0,1,0,0,0,0,0,0,0,1,0,0,0,0,2,0,0,0,0,inactive
55,0,0,1,1,1,0,1,0,0,0,0,0,0,1,0,0,0,0,0,0,4,0,1,0,1,0,0,0,0,0,1,0,0,0,0,2,0,0,0,0,inactive
56,0,0,0,1,0,1,0,1,1,0,1,1,0,1,0,0,0,0,1,1,0,0,1,0,0,0,0,0,0,0,1,0,0,0,0,2,0,0,0,0,inactive
57,0,0,0,2,0,0,1,0,0,1,1,1,1,0,0,0,0,0,1,0,1,0,1,0,1,0,0,0,0,0,1,0,0,0,0,0,1,0,0,0,inactive
58,0,3,0,2,1,0,1,0,0,0,0,0,1,0,0,0,0,0,0,0,2,1,1,0,0,0,0,0,1,0,0,0,0,0,0,1,0,0,0,0,inactive
59,0,0,1,2,0,0,0,1,0,0,0,0,1,1,0,0,0,1,0,0,3,0,1,0,0,0,0,0,0,0,0,0,0,0,0,3,0,1,0,0,inactive
60,1,0,0,0,0,0,1,0,0,1,0,0,0,1,0,0,0,0,1,0,1,0,1,0,1,0,0,0,0,1,1,1,0,1,0,0,1,1,0,0,inactive
61,0,0,1,1,2,0,1,1,0,0,0,1,0,1,0,0,0,1,0,0,0,1,1,0,0,1,0,0,0,0,1,0,0,0,0,1,0,0,0,0,inactive
62,1,0,1,0,0,0,1,0,0,0,0,0,0,0,0,0,0,0,0,1,3,0,1,0,1,0,0,0,1,0,1,0,0,0,0,1,0,0,0,0,inactive
63,1,0,0,0,1,0,1,0,0,0,0,0,1,0,0,0,0,0,0,0,2,1,1,0,0,0,0,0,0,1,1,0,0,0,0,2,0,0,0,0,inactive
64,0,2,0,1,0,0,1,0,0,0,0,0,0,0,1,0,0,1,0,0,1,0,1,0,0,0,0,0,0,0,0,0,0,0,0,3,0,0,0,0,active
65,0,1,0,0,1,0,1,0,0,0,0,1,1,0,0,0,0,1,0,1,3,0,0,0,0,1,0,0,0,0,1,0,0,0,0,0,0,0,0,0,active
66,0,0,0,1,0,0,1,0,0,1,1,0,0,1,1,0,0,0,0,0,2,0,0,0,1,0,0,0,0,0,0,0,0,1,0,0,1,0,0,0,active
67,0,0,2,4,0,0,1,0,0,0,0,0,0,0,0,0,2,0,0,0,3,0,0,0,0,0,0,0,0,0,1,0,0,0,0,0,0,0,0,0,active
68,1,0,0,0,0,0,1,0,0,0,0,0,1,0,3,0,0,1,0,0,2,1,1,0,1,0,0,0,0,0,0,0,0,0,0,0,0,0,0,0,active
69,0,1,0,0,0,0,1,0,0,0,0,1,0,0,2,0,0,1,0,0,0,0,1,0,0,0,0,0,0,0,1,0,0,0,0,0,0,1,0,0,active
70,0,0,0,0,0,0,0,0,0,0,0,0,0,1,2,1,2,1,0,1,0,0,1,0,0,0,0,0,0,0,1,0,0,0,0,0,0,1,0,0,active
71,0,2,0,0,0,0,1,0,0,0,0,0,0,0,0,0,0,1,0,0,0,0,0,0,0,1,0,0,0,0,1,0,0,0,0,3,0,1,0,0,active
72,0,0,0,0,0,0,1,0,0,2,1,0,0,1,0,0,0,0,0,0,1,0,1,0,0,0,0,0,0,1,1,0,0,1,0,0,0,0,0,0,active
73,0,1,0,0,0,0,1,0,0,0,0,0,0,0,2,1,0,1,0,0,2,0,1,0,0,0,0,0,0,0,1,0,0,0,0,2,0,0,0,0,active
74,0,0,1,0,0,0,1,0,0,1,1,0,0,1,0,0,0,0,0,0,1,0,0,0,1,0,0,0,0,0,1,0,0,1,0,0,1,0,0,0,active
75,0,0,0,2,0,0,0,0,1,2,1,0,1,0,0,0,0,0,0,0,1,0,0,0,1,0,0,0,0,0,1,0,0,1,0,0,1,0,0,0,active
76,0,1,0,1,0,0,0,0,0,1,0,1,1,0,0,0,0,1,0,0,1,1,1,0,0,0,0,0,0,0,0,0,0,0,0,3,0,1,0,0,active
77,0,0,0,1,0,1,1,2,0,0,0,0,0,1,0,0,0,1,0,0,0,0,1,0,1,0,0,0,0,0,0,0,0,0,0,1,0,0,0,0,inactive
78,0,0,0,0,0,0,0,0,0,1,1,0,0,0,1,0,0,1,1,0,0,0,1,0,0,0,0,0,0,1,1,0,0,1,0,1,1,0,0,0,inactive
79,1,0,0,0,0,0,1,1,0,0,0,0,0,1,0,0,0,0,0,0,0,0,1,0,1,0,0,0,0,0,1,1,1,0,0,0,0,0,0,1,inactive
80,1,0,0,0,0,0,1,0,1,0,0,0,0,0,1,0,0,0,0,1,3,0,1,0,0,0,0,1,0,1,0,0,0,0,0,0,0,0,0,0,inactive
81,0,0,1,0,1,0,1,1,0,0,0,0,1,0,0,0,0,1,0,0,0,1,1,0,0,1,0,0,1,0,1,0,0,0,0,0,0,1,0,0,inactive
82,0,0,0,2,0,1,1,1,0,0,0,1,0,0,1,0,0,1,0,0,0,0,1,0,0,0,0,0,0,0,1,0,0,0,0,2,0,0,0,0,inactive
83,0,0,0,0,0,0,1,0,0,1,1,1,0,1,0,0,0,0,1,1,1,0,1,0,0,1,0,0,0,0,1,0,1,0,0,0,0,0,0,1,inactive
84,1,0,0,0,0,1,1,0,0,1,0,1,1,1,0,0,0,0,0,0,3,0,1,0,0,1,0,0,0,0,1,0,0,0,0,0,0,0,0,0,inactive
85,0,0,0,1,0,1,0,0,0,0,0,2,0,0,0,0,0,1,0,0,3,0,1,0,0,0,0,0,0,1,1,0,0,0,0,2,0,0,0,0,inactive
86,1,0,1,0,1,0,1,0,0,0,0,0,1,0,0,0,0,0,0,0,2,1,0,0,0,0,0,0,0,0,1,0,0,0,0,0,0,1,0,0,inactive
87,1,0,1,0,0,0,0,0,1,0,0,0,1,0,0,0,0,0,0,1,1,2,1,0,1,0,0,0,0,0,0,1,0,0,0,0,0,0,0,0,inactive
88,0,2,1,1,0,0,1,0,0,0,0,1,1,0,0,0,0,0,0,0,2,0,1,0,0,0,0,0,0,0,0,0,0,0,0,1,0,0,0,0,inactive
89,1,0,0,0,1,0,1,1,0,0,0,0,0,1,0,0,0,0,0,0,0,1,1,0,1,0,0,0,1,0,1,0,0,0,0,0,0,0,0,0,inactive
90,1,0,0,0,0,1,1,1,0,0,0,0,0,1,0,0,0,1,0,0,0,0,1,0,1,1,0,0,0,0,0,0,0,0,0,2,0,0,0,0,inactive
91,1,0,0,0,0,1,1,0,0,0,0,1,0,1,0,0,0,0,0,0,3,0,1,0,1,0,0,0,0,0,1,0,1,0,0,0,0,1,0,1,inactive
92,0,1,0,0,1,0,1,0,0,0,0,0,0,0,0,0,0,0,0,0,3,0,1,0,0,0,0,0,0,0,1,0,0,0,0,3,0,0,0,0,active
93,0,0,0,0,0,0,1,0,0,1,1,0,1,1,1,0,0,1,0,0,0,0,1,0,0,0,0,0,0,1,1,0,0,1,0,0,1,0,0,0,active
94,0,0,0,2,0,0,0,0,0,1,0,0,1,0,1,0,0,0,0,0,0,0,1,0,0,1,0,0,0,0,1,0,0,0,0,2,0,0,0,0,active
95,0,0,0,1,0,0,1,0,0,0,0,0,1,1,0,0,0,1,0,0,1,1,1,0,0,0,0,0,0,0,1,0,0,0,0,1,0,0,1,0,active
96,0,2,0,2,0,0,1,0,0,0,0,0,1,0,1,0,0,1,0,0,2,0,0,0,0,0,0,0,0,0,1,0,0,0,0,0,0,0,0,0,active
97,0,1,0,2,0,0,1,0,0,0,0,0,1,0,0,0,0,1,0,1,1,0,0,0,0,0,0,0,0,0,1,0,0,0,0,2,0,1,0,0,active
98,0,1,1,0,0,2,1,1,0,0,0,0,0,0,0,0,0,0,0,0,0,0,1,0,0,0,0,0,0,0,1,0,0,0,0,2,0,1,0,0,active
99,1,0,0,0,0,0,1,0,0,0,0,0,0,1,0,0,0,1,0,1,1,0,1,0,1,0,0,0,0,0,1,0,0,0,0,2,0,0,0,0,active
100,0,1,2,1,0,0,1,0,0,0,0,0,0,0,0,0,0,0,0,0,1,1,1,0,0,0,0,0,0,0,1,0,0,0,0,1,0,1,0,0,active
101,0,1,0,0,0,0,0,0,0,0,0,0,0,0,0,0,0,1,0,1,1,0,1,0,1,0,0,0,0,0,1,0,0,0,0,2,0,1,0,0,active
102,0,0,1,0,0,0,1,0,1,0,0,0,1,0,0,0,0,0,0,0,0,0,1,0,0,0,0,0,0,0,1,0,0,0,0,1,0,0,1,0,active
103,0,2,0,2,0,0,1,0,0,0,0,0,1,0,0,0,0,0,0,0,2,0,0,0,0,0,0,0,0,0,1,0,0,0,0,2,0,1,0,0,active
104,0,0,0,1,0,0,1,0,0,1,1,1,1,1,2,0,0,0,0,0,0,0,0,0,0,0,0,0,0,1,1,0,1,0,0,0,1,0,0,0,active
105,0,1,0,3,0,0,1,0,0,0,0,0,1,0,0,0,0,0,0,0,2,0,0,0,1,0,0,0,0,0,0,0,0,0,0,2,0,1,0,0,active
106,0,0,0,1,0,0,0,0,0,0,0,0,0,1,0,0,0,1,0,0,0,1,1,0,0,0,0,0,0,0,1,0,0,0,0,3,1,1,0,0,active
107,0,2,0,3,0,0,1,0,0,0,0,0,1,0,0,0,0,1,0,0,0,0,1,0,0,0,0,0,0,0,1,0,0,0,0,1,0,0,0,0,active
108,1,2,0,0,0,0,1,0,0,1,0,0,0,1,0,0,0,0,0,0,1,0,1,0,1,0,0,0,0,0,1,0,0,0,0,0,0,0,0,0,inactive
109,0,0,1,0,0,1,1,1,0,0,0,0,0,1,0,0,0,0,0,1,0,1,0,0,1,0,0,0,0,1,1,0,0,0,0,0,0,0,0,0,inactive
110,1,0,0,0,0,1,1,0,0,0,0,0,1,1,0,0,0,0,0,0,4,0,0,0,1,0,0,0,0,0,0,0,0,0,0,0,0,0,0,0,inactive
111,0,0,1,0,0,0,1,0,1,0,0,0,0,1,0,0,0,0,0,0,4,0,1,0,0,0,0,0,1,1,1,0,0,0,0,0,0,0,0,0,inactive
112,0,2,1,0,0,1,0,1,0,0,0,0,0,1,0,0,0,0,0,0,0,0,1,0,0,0,0,0,0,0,1,0,0,0,0,3,0,0,0,0,inactive
113,0,0,0,2,0,0,1,0,0,1,0,0,1,1,0,0,0,0,1,1,0,0,0,1,0,0,0,0,0,0,1,0,1,0,0,0,0,0,0,1,inactive
114,0,0,1,2,0,0,1,0,0,0,0,0,1,1,0,0,0,0,0,1,1,0,1,0,1,0,0,0,0,0,1,0,0,0,0,0,0,0,0,0,inactive
115,1,0,0,0,1,0,1,2,1,0,0,0,0,0,0,0,0,0,0,0,0,2,1,0,0,0,0,0,0,0,1,0,0,0,0,0,0,0,0,0,inactive
116,0,0,0,3,0,0,1,0,0,0,0,0,0,0,0,0,0,0,0,0,3,0,1,0,0,0,0,0,0,0,0,0,0,0,0,0,0,0,0,0,inactive
117,0,0,0,0,0,1,1,0,0,0,0,0,1,1,0,0,0,0,0,0,4,1,0,0,0,1,0,0,0,0,1,0,0,0,0,0,0,0,0,0,inactive
118,0,0,0,0,0,0,1,1,2,0,0,0,0,1,0,0,0,1,0,1,0,0,0,0,1,0,0,0,0,0,1,1,0,0,0,1,0,0,0,0,inactive
119,0,0,1,0,0,1,0,0,0,0,0,1,1,0,0,0,0,0,0,0,3,1,0,0,1,0,0,0,1,0,1,0,0,0,0,1,0,1,0,0,inactive
120,0,0,0,1,0,0,1,0,0,1,1,0,0,1,0,0,0,0,1,0,2,0,1,0,0,0,0,0,0,0,1,0,0,1,0,0,0,0,0,0,inactive
121,1,0,0,0,1,0,1,1,2,0,0,0,1,0,0,0,0,1,0,0,0,0,1,0,1,0,0,0,0,0,1,0,0,0,0,0,0,0,0,0,inactive
122,1,0,1,0,0,1,1,2,1,0,0,0,1,0,0,0,0,0,0,0,0,0,1,0,1,0,0,0,0,0,0,0,0,0,0,0,0,0,0,0,inactive
123,1,0,0,0,1,0,1,0,0,0,0,0,1,0,0,0,0,0,0,0,2,0,1,0,0,0,0,0,0,0,1,0,0,0,0,0,0,0,0,0,inactive
124,1,0,2,0,0,0,0,0,0,0,0,0,1,0,0,0,1,0,0,0,4,0,0,0,1,0,0,0,0,0,1,0,0,0,1,0,0,0,0,0,active
125,0,0,0,0,1,0,0,0,0,0,0,0,0,1,0,0,0,0,0,0,3,0,0,0,0,0,0,0,1,0,1,0,0,0,0,1,0,1,0,0,active
126,0,0,0,0,0,0,1,0,1,1,0,2,0,1,0,0,0,1,0,0,0,0,0,0,0,0,0,0,0,0,1,0,0,0,0,1,2,0,0,0,active
127,1,0,0,2,0,1,1,0,0,0,0,0,1,0,0,0,0,0,0,0,2,0,1,0,0,0,0,0,0,0,1,0,0,0,0,2,0,0,0,0,active
128,0,2,0,1,0,0,1,0,0,0,0,0,1,0,0,0,0,1,0,0,0,0,1,1,0,0,0,0,0,0,1,0,0,0,0,0,0,1,0,0,active
129,1,0,0,2,0,0,0,1,0,0,0,1,1,1,0,0,0,0,0,0,0,0,1,0,1,0,0,0,0,0,1,0,0,0,0,0,0,0,0,0,active
130,0,0,1,0,0,0,0,0,0,1,0,1,1,1,0,0,0,0,1,0,1,0,0,0,0,0,0,0,0,0,1,0,0,0,0,2,1,0,0,0,active
131,0,1,0,1,0,0,1,0,0,0,0,0,1,0,0,0,2,0,0,0,0,0,1,0,0,0,0,0,0,0,1,0,0,0,0,0,0,1,0,0,active
132,0,1,0,0,0,0,1,0,0,0,0,0,0,0,0,0,0,0,0,0,3,0,1,0,0,0,0,0,0,0,1,0,0,0,0,3,0,0,0,0,active
133,0,0,0,0,0,0,1,0,0,0,0,0,0,1,0,0,0,0,0,0,2,0,1,0,0,0,0,0,0,1,1,0,0,0,1,1,1,0,0,0,active
134,1,0,1,0,0,0,1,0,0,0,0,0,0,0,2,0,0,0,0,0,3,0,1,0,0,0,0,0,0,0,1,0,0,0,0,0,0,0,0,0,active
135,0,2,0,0,0,0,1,0,0,0,0,0,0,0,0,0,0,1,0,0,0,0,1,0,0,0,0,0,0,0,1,0,0,0,0,3,0,1,0,0,active
136,0,0,0,2,0,0,1,0,0,0,0,0,1,0,0,0,0,1,0,1,2,0,1,0,0,0,0,0,0,0,1,0,0,0,0,0,0,0,1,0,active
137,1,0,0,0,0,0,1,0,1,0,0,0,0,1,0,0,0,0,0,1,3,0,0,0,1,0,0,0,0,0,1,1,1,0,0,0,0,0,0,1,inactive
138,1,0,0,1,1,0,1,1,0,0,0,0,1,0,0,0,0,0,0,0,0,2,1,0,1,0,0,0,0,0,0,0,0,0,0,0,0,0,0,0,inactive
139,1,0,0,1,0,0,1,1,1,0,0,0,1,1,0,0,0,0,0,0,0,0,0,0,1,0,0,0,0,0,1,0,0,0,0,1,0,0,0,0,inactive
140,1,0,1,0,2,0,1,1,0,0,0,0,0,0,0,0,0,0,0,0,0,1,0,0,0,0,0,0,0,0,1,0,0,0,0,1,0,0,0,0,inactive
141,0,0,0,0,0,0,1,0,1,0,0,2,0,1,0,0,0,0,0,0,0,0,1,0,0,0,0,0,0,0,1,1,0,0,0,0,1,0,0,0,inactive
142,0,0,0,1,0,1,1,0,0,1,1,0,1,0,0,0,0,0,0,0,3,0,1,0,0,0,0,0,0,0,1,0,0,0,0,1,0,0,0,0,inactive
143,0,0,0,0,0,0,1,0,0,1,0,0,0,0,1,1,0,1,0,0,0,0,1,0,0,1,0,0,0,0,1,0,0,0,0,1,0,0,0,0,inactive
144,0,0,0,3,0,0,1,0,0,1,0,1,1,0,0,0,0,0,0,0,2,0,1,0,1,0,0,0,0,0,0,0,0,0,0,0,0,0,0,0,inactive
145,0,0,0,0,0,0,1,0,0,0,0,0,1,0,0,0,0,1,0,1,3,0,1,0,1,0,0,0,0,0,1,0,0,0,0,0,0,0,0,0,inactive
146,1,0,0,1,0,0,1,0,0,0,0,0,1,0,0,0,0,0,0,0,3,0,0,0,1,0,0,0,0,0,1,0,0,0,0,1,0,1,0,0,inactive
147,0,0,0,1,0,0,1,0,0,0,0,0,0,1,0,0,0,1,0,0,0,0,1,0,1,0,0,0,0,1,1,2,0,0,0,0,0,0,0,0,inactive
148,0,0,1,1,1,0,1,0,0,1,0,1,1,1,0,0,0,0,1,0,0,0,1,0,1,0,0,0,0,0,0,0,0,0,0,0,1,0,0,0,inactive
149,0,0,1,2,0,0,1,0,1,0,0,0,1,0,0,0,2,0,0,0,0,0,0,0,0,1,0,0,0,0,1,0,0,0,0,1,0,0,0,0,active
150,0,0,0,0,0,0,1,0,0,0,0,0,0,1,0,0,2,0,0,0,1,0,1,0,0,0,0,0,0,0,0,0,0,0,1,0,0,1,0,0,active
151,0,0,0,2,0,0,0,0,0,1,1,0,1,0,0,1,0,0,1,0,0,0,1,0,0,0,0,0,0,1,1,0,0,1,0,0,1,0,0,0,active
152,0,2,0,1,0,0,1,0,0,0,0,0,1,0,0,0,2,0,0,0,0,1,0,0,0,0,0,0,0,0,0,0,0,0,0,0,0,0,0,0,active
153,1,0,0,0,0,0,0,0,0,0,0,0,0,1,0,0,0,0,0,0,2,0,1,0,1,0,0,0,0,0,1,0,0,0,0,3,0,0,0,0,active
154,1,0,0,1,0,0,1,1,0,0,0,0,1,0,0,0,2,0,0,0,2,0,1,0,1,0,0,0,0,0,0,0,0,0,0,0,0,0,0,0,active
155,0,0,0,0,0,0,1,0,0,0,0,0,0,0,0,0,0,1,0,0,1,0,1,0,0,0,0,0,0,1,1,0,0,0,1,0,1,0,0,0,active
156,0,1,0,2,0,0,1,0,0,0,0,0,0,0,0,0,0,0,0,0,2,0,1,0,0,0,0,0,0,0,1,0,0,0,0,3,0,0,0,0,active
157,0,0,0,0,1,0,1,0,1,0,0,2,0,0,0,0,0,1,0,1,0,0,0,0,0,0,0,0,0,0,1,0,0,0,0,0,0,0,0,0,active
158,0,0,0,0,0,0,1,0,0,0,0,0,0,0,1,0,0,1,0,0,3,0,1,0,0,0,0,0,0,0,0,0,0,0,0,2,0,0,0,0,active
159,0,0,1,2,0,0,1,1,0,0,0,0,0,0,0,0,2,1,0,0,0,0,1,0,0,0,0,0,0,0,1,0,0,0,0,0,0,0,0,0,active
160,0,0,0,2,0,0,1,0,0,0,0,0,1,0,1,0,0,0,0,0,1,0,1,0,0,0,0,0,0,0,0,0,0,0,0,2,0,0,0,0,active
161,1,0,1,0,0,1,1,0,0,0,0,0,0,0,0,0,0,0,0,0,2,0,0,0,0,0,0,0,0,0,1,0,0,0,0,0,0,0,0,0,active
162,0,0,2,0,0,0,0,1,0,0,0,0,1,0,0,0,0,0,0,0,2,0,1,0,1,0,1,0,0,0,1,0,0,0,0,0,0,0,0,0,active
163,0,0,2,0,0,0,0,0,0,0,0,0,0,0,0,0,0,1,0,0,4,1,0,0,0,0,0,0,0,0,0,0,0,0,0,1,0,1,0,0,inactive
164,1,0,0,2,0,0,1,0,1,0,0,0,1,0,0,0,0,0,0,0,3,1,0,0,1,0,0,0,0,0,0,0,0,0,0,0,0,0,0,0,inactive
165,0,0,1,2,0,0,1,1,0,0,0,0,0,0,0,0,0,0,0,0,1,0,1,0,0,0,1,0,0,0,1,0,0,0,0,0,0,1,0,0,inactive
166,0,0,1,1,0,0,0,0,0,0,0,0,1,1,0,0,0,0,0,0,2,0,1,0,0,0,0,0,0,0,1,1,1,0,0,0,0,0,0,0,inactive
167,0,0,0,0,0,0,0,1,0,1,0,0,1,0,0,0,0,0,1,0,0,3,1,0,0,0,0,0,0,0,0,0,0,1,0,0,1,0,0,0,inactive
168,0,1,0,0,0,0,0,0,0,0,0,0,0,1,0,0,0,1,0,0,1,0,0,0,0,0,0,0,0,0,0,0,0,0,0,0,1,0,0,0,inactive
169,0,0,0,0,0,0,1,1,0,1,1,0,0,0,0,0,0,0,1,0,0,1,1,0,0,0,0,0,0,0,0,0,0,1,0,0,1,0,0,0,inactive
170,0,0,0,1,0,1,1,2,0,0,0,0,1,0,0,0,0,0,0,0,0,0,1,0,0,0,0,0,0,0,1,0,0,0,0,1,0,0,0,0,inactive
171,0,0,0,0,1,0,1,0,2,0,0,0,0,0,0,0,0,0,0,0,2,0,1,0,0,0,0,0,0,0,0,0,0,0,0,0,0,0,0,0,inactive
172,1,0,1,0,0,0,1,0,1,0,0,0,1,0,0,0,0,0,0,0,1,0,1,0,0,0,0,0,0,0,1,0,0,0,0,0,0,0,0,0,inactive
173,0,0,0,1,0,0,1,0,0,0,0,0,0,0,0,0,0,1,0,0,0,0,1,0,0,2,0,0,0,1,0,0,0,0,0,3,0,0,0,0,inactive
174,1,0,1,0,0,0,1,0,0,0,0,0,1,0,0,0,0,0,0,0,2,0,0,0,1,0,0,0,0,0,0,0,0,0,0,3,0,0,0,0,inactive
175,0,0,0,0,0,0,1,0,0,0,0,0,0,0,3,0,0,1,0,0,1,0,0,0,0,0,0,0,0,0,1,0,0,0,0,1,0,0,0,0,active
176,0,0,0,2,0,1,1,0,0,0,0,0,1,0,0,0,0,0,0,0,0,0,1,0,0,1,0,0,0,0,1,0,0,0,1,0,0,0,0,0,active
177,0,0,0,3,0,0,0,0,0,0,0,0,1,0,0,0,0,1,0,0,3,0,0,0,0,0,0,0,0,0,1,0,0,0,0,0,0,0,0,0,active
178,0,0,0,1,0,0,0,0,1,1,0,0,1,1,0,0,0,0,0,0,0,0,1,0,1,0,0,0,0,0,1,1,0,0,0,0,1,0,0,0,active
179,0,0,0,1,0,0,1,0,0,0,0,0,0,1,2,0,0,0,0,0,0,0,1,0,0,0,0,0,0,0,1,0,0,0,0,0,0,0,0,0,active
180,0,0,0,3,0,0,1,0,0,0,0,0,1,0,0,0,0,0,0,0,1,0,1,0,0,0,0,0,0,0,1,0,0,0,0,1,0,0,0,0,active
181,0,0,0,0,0,0,1,0,0,0,0,0,0,0,1,0,0,1,0,0,1,0,1,0,0,0,0,0,0,0,1,0,0,0,0,2,0,0,0,0,active
182,0,0,0,1,0,0,1,0,0,0,0,0,0,1,1,0,0,0,0,0,1,0,1,0,0,0,0,0,0,0,1,0,0,0,0,1,0,0,0,0,active
183,0,0,0,2,0,0,1,0,0,0,0,0,0,0,0,0,2,0,0,0,0,0,1,0,0,0,0,0,0,0,1,0,0,0,0,0,0,0,0,0,active
184,0,0,0,1,0,0,1,0,0,0,0,0,0,0,1,0,2,0,0,0,3,0,0,0,0,0,0,0,0,0,1,0,0,0,0,0,0,0,0,0,active
185,0,1,1,2,0,0,1,0,0,0,0,0,0,0,0,0,0,0,0,0,0,0,1,0,0,1,0,0,0,0,1,0,0,0,0,1,0,0,0,0,active
186,0,1,0,2,0,0,1,0,0,0,0,0,1,0,0,0,0,1,0,0,0,0,1,0,0,0,0,0,0,0,1,0,0,0,0,0,1,1,0,0,active
187,0,0,0,0,0,0,1,0,0,0,0,0,0,1,0,0,0,1,0,0,2,0,1,0,0,0,0,0,0,0,1,0,0,0,0,0,0,0,0,0,active
188,0,0,0,3,0,0,1,0,0,0,0,0,1,0,0,0,0,0,0,0,1,0,1,0,0,0,0,0,0,0,1,0,0,0,0,1,0,1,0,0,active
189,0,0,0,0,0,0,1,0,0,0,0,0,0,0,0,0,0,1,0,0,1,0,1,0,0,0,0,0,0,0,1,0,0,0,0,1,0,0,0,0,active
190,0,0,0,0,0,0,1,0,0,0,0,0,0,0,2,0,0,0,0,0,1,0,1,0,0,0,0,0,0,0,1,0,0,0,0,2,0,0,0,0,active
191,0,0,1,1,0,0,1,0,1,0,0,0,0,0,0,0,2,0,0,0,0,0,1,0,0,0,0,0,0,0,1,0,0,0,0,0,0,0,0,0,active
192,0,0,0,0,0,1,1,1,0,0,0,0,0,0,0,0,0,0,0,0,0,0,1,0,0,0,0,0,0,0,1,0,0,0,0,0,0,0,0,0,inactive
193,1,0,1,0,0,0,1,0,0,0,0,0,1,0,0,0,0,0,0,0,1,0,1,0,0,0,0,0,0,0,1,0,0,0,0,2,0,0,0,0,inactive
194,0,0,1,0,0,0,1,0,0,0,0,0,0,0,0,0,0,0,0,0,3,1,1,0,0,0,0,0,1,0,1,0,0,0,0,0,0,0,0,0,inactive
195,1,0,0,0,0,0,1,0,0,0,0,0,0,0,0,0,0,1,0,0,1,0,1,0,0,0,0,0,0,0,1,0,0,0,0,1,0,0,0,0,inactive
196,0,0,0,0,0,0,0,0,0,0,0,1,1,1,0,0,0,0,0,0,0,0,0,0,1,1,0,0,0,0,0,1,0,0,0,1,0,1,0,0,inactive
197,0,0,0,0,0,1,1,0,0,0,0,0,0,1,0,0,0,0,0,1,1,0,1,0,0,0,0,0,0,0,1,0,0,0,0,0,0,1,0,0,inactive
198,0,0,0,0,0,0,1,0,0,0,0,0,0,0,1,0,0,1,0,0,0,0,0,0,0,0,0,0,0,0,1,0,0,0,0,1,0,1,0,0,active
199,0,0,0,1,0,0,1,0,0,0,0,0,0,1,1,0,0,0,0,0,1,0,1,0,0,0,0,0,0,0,1,0,0,0,0,0,0,0,0,0,active
200,0,0,1,0,0,0,1,0,0,0,0,0,0,0,0,0,0,0,0,0,3,1,1,0,0,0,0,0,0,0,1,0,0,0,0,0,0,0,0,0,active
201,0,0,0,0,0,0,0,0,0,0,0,0,1,0,0,0,1,0,0,0,1,0,1,0,0,0,0,0,0,0,1,0,0,0,0,1,0,0,0,0,active
202,0,0,0,0,0,0,1,0,0,0,0,0,0,0,1,0,0,1,0,1,1,0,0,0,0,0,0,0,0,0,1,0,0,0,1,1,0,0,0,0,active
203,0,0,0,2,0,0,1,0,0,1,0,0,0,0,0,0,0,0,0,0,0,0,1,0,0,1,0,0,0,0,1,0,0,0,0,2,0,0,0,0,active
204,0,0,0,0,0,1,1,1,1,0,0,0,0,0,0,0,0,0,0,0,3,0,1,0,0,0,0,0,1,0,0,0,0,0,0,0,0,0,0,0,active
205,0,0,0,0,0,0,1,0,0,0,0,0,0,0,2,0,0,1,0,0,1,0,1,0,0,0,0,0,0,0,1,0,0,0,0,1,0,1,0,0,active
206,0,0,0,0,0,0,1,0,0,0,0,1,0,0,0,0,2,1,0,0,2,0,1,0,0,0,0,0,0,0,0,0,0,0,0,0,0,0,0,0,active
207,0,0,0,0,0,0,1,1,1,0,0,0,1,0,0,0,2,0,0,0,0,0,1,0,0,0,0,0,0,0,1,0,0,0,0,0,0,0,0,0,active
208,0,0,0,0,0,0,1,0,2,0,0,1,0,0,0,0,0,0,0,0,0,0,0,0,0,0,0,0,0,1,1,0,0,0,0,1,0,0,0,0,active
209,1,0,0,1,0,0,1,0,2,0,0,0,0,0,0,0,0,0,0,0,1,0,0,0,0,0,0,0,0,0,1,1,0,0,0,1,0,0,0,0,inactive
210,0,0,1,2,0,0,0,0,0,0,0,0,0,0,0,0,0,0,0,0,2,0,0,0,0,1,0,0,0,0,0,0,0,0,0,1,0,0,0,0,inactive
211,0,0,1,1,0,0,0,0,0,0,0,0,0,0,0,0,0,0,0,0,1,0,0,0,0,0,0,0,0,0,0,0,0,0,0,3,0,1,0,0,inactive
212,1,0,1,0,0,0,1,0,0,0,0,0,0,0,0,0,0,0,0,0,1,0,0,0,1,1,0,0,1,0,1,0,0,0,0,0,0,0,0,0,inactive
213,0,0,0,1,0,0,1,0,0,0,0,0,1,0,0,0,0,0,0,0,1,0,1,0,0,0,0,0,0,0,1,0,0,0,0,1,0,0,0,0,active
214,0,0,0,0,0,0,1,0,0,0,0,0,0,0,1,0,0,1,0,0,1,0,1,0,0,0,0,0,0,0,1,0,0,0,0,1,0,0,0,0,active
215,0,0,0,2,0,0,1,0,0,0,0,0,0,0,1,0,0,0,0,0,1,0,1,0,0,0,0,0,0,0,1,0,0,0,0,1,0,0,0,0,active
216,0,0,0,0,0,0,0,0,0,0,0,0,0,0,0,0,0,1,0,0,1,0,1,0,0,0,0,0,0,0,1,0,0,0,0,2,0,0,0,0,active
217,0,0,0,1,0,0,1,0,0,0,0,0,1,0,0,0,0,0,0,0,1,0,0,0,0,0,0,0,0,0,1,0,0,0,1,1,0,0,0,0,active
218,0,0,1,0,0,0,0,0,0,0,0,0,0,0,0,0,0,0,0,0,5,0,1,0,0,0,0,0,0,0,1,0,0,0,0,0,0,0,0,0,active
219,0,0,0,0,0,0,1,0,0,0,0,0,0,0,0,0,2,0,0,0,2,0,1,0,0,0,0,0,0,0,1,0,0,0,0,0,0,0,0,0,active
220,0,0,1,0,0,0,1,0,0,0,0,0,1,0,0,0,0,0,0,0,0,0,1,0,0,1,0,0,0,0,1,0,0,0,0,0,0,0,0,0,inactive
221,0,0,1,0,0,0,1,0,0,0,0,0,0,0,0,0,0,1,0,0,1,1,1,0,0,0,0,0,0,0,1,0,0,0,0,0,0,0,0,0,inactive
222,0,0,0,1,0,0,1,0,0,0,0,0,0,0,0,0,0,0,0,0,1,0,1,0,0,0,0,0,0,0,1,0,0,0,0,1,0,0,0,0,active
223,0,0,1,0,0,0,0,1,0,0,0,0,0,0,0,0,0,0,0,0,1,0,1,0,0,0,0,0,0,0,1,0,0,0,0,0,0,0,0,0,active
224,0,0,1,1,0,0,1,0,0,0,0,0,0,0,1,0,0,0,0,0,1,0,1,0,0,0,0,0,0,0,1,0,0,0,0,0,0,0,0,0,active
225,0,0,0,1,0,0,1,0,0,0,0,0,0,1,0,0,0,0,0,0,1,0,0,0,1,1,0,0,0,0,0,0,0,0,0,0,0,1,0,0,active
226,0,0,0,1,0,0,1,0,1,0,0,0,0,0,0,0,0,0,0,0,0,0,1,0,0,0,0,0,0,0,1,0,0,0,0,1,0,0,1,0,active
227,0,0,0,1,0,0,0,0,0,1,0,1,0,1,0,0,2,0,0,0,0,0,0,0,0,0,0,0,0,0,1,0,0,0,0,0,0,0,0,0,active
228,0,0,2,0,0,0,1,0,0,0,0,0,0,0,0,0,0,0,0,0,1,0,1,0,0,0,0,0,0,0,1,0,0,0,0,0,0,0,0,0,active
229,0,0,0,2,0,0,1,0,1,0,0,0,1,0,0,0,0,0,0,0,0,0,0,0,0,0,0,0,0,0,1,0,0,0,0,0,0,0,0,0,inactive
230,0,1,0,0,0,0,1,0,0,0,0,0,1,1,0,0,0,0,0,0,0,0,0,0,1,0,0,0,0,0,1,0,0,0,0,0,0,0,0,0,inactive
231,0,0,1,1,0,0,1,0,0,0,0,0,1,0,0,0,0,0,0,0,1,0,1,0,0,0,0,0,0,0,1,0,0,0,0,0,0,0,0,0,active
232,0,0,0,0,0,0,1,0,0,0,0,0,0,0,0,0,2,0,0,0,0,0,1,0,0,1,0,0,0,0,1,0,0,0,0,0,0,1,0,0,active
233,0,0,0,0,0,0,1,0,0,0,0,0,0,0,0,0,0,1,0,0,0,0,1,0,1,0,0,0,0,0,1,0,0,0,0,0,0,0,0,0,active
234,0,0,1,0,0,0,1,0,0,0,0,0,0,0,0,0,1,0,0,0,0,0,1,0,0,0,0,0,0,0,1,0,0,0,0,0,0,1,0,0,active
235,0,0,0,0,0,0,1,0,0,0,0,0,0,0,0,0,0,0,0,0,1,0,0,0,1,1,0,0,0,0,1,0,0,0,0,1,0,1,0,0,inactive
236,0,0,0,1,0,0,0,0,0,0,0,0,1,0,0,0,0,0,0,0,0,0,1,0,0,0,0,0,1,0,1,0,0,0,0,0,0,0,0,0,active
237,0,0,1,0,0,0,0,0,0,0,0,0,0,0,0,0,0,0,0,1,0,0,0,0,0,0,0,0,0,0,1,0,0,0,0,0,0,0,0,0,active
238,0,0,0,0,0,0,0,0,0,0,0,0,0,0,0,0,0,0,0,0,0,0,1,0,0,0,0,0,0,0,1,0,0,0,0,0,0,0,0,0,active
239,0,0,0,0,0,1,1,0,0,1,0,3,0,1,0,0,0,0,0,0,5,0,0,0,0,0,0,0,0,0,1,1,1,0,0,1,1,1,0,0,inactive
240,1,0,1,0,2,0,1,1,1,2,1,0,1,1,0,0,0,0,1,0,0,1,1,0,1,0,0,1,0,0,1,1,0,1,0,1,1,0,0,0,inactive
241,1,0,0,0,0,0,1,1,0,0,0,1,0,1,0,0,0,0,0,1,5,0,1,0,1,1,0,1,0,0,1,0,1,0,0,2,0,0,0,0,inactive
242,0,0,0,0,1,0,1,0,0,0,0,0,0,0,0,0,0,0,0,1,5,1,1,0,0,0,1,0,0,0,1,0,0,0,0,4,0,0,0,0,active
243,0,1,0,2,0,0,1,0,0,1,0,0,0,0,2,0,0,1,0,1,3,1,0,1,0,1,0,0,0,0,0,0,0,0,0,2,0,0,0,0,active
244,0,1,0,3,0,1,1,0,0,0,0,0,1,1,0,0,0,0,0,0,4,1,1,0,0,1,0,0,0,0,1,0,0,0,0,0,0,0,0,0,active
245,0,0,0,0,1,0,1,0,0,0,0,0,0,0,0,0,0,1,0,0,5,0,1,0,0,0,0,0,0,0,1,0,0,0,0,3,0,0,0,0,active
246,1,0,2,0,1,0,1,0,0,1,0,0,1,1,0,0,0,0,1,1,4,0,1,0,1,0,0,0,0,0,1,0,0,1,0,1,0,0,0,0,inactive
247,1,0,0,1,0,1,1,0,0,2,1,0,1,0,0,0,0,0,1,0,3,0,1,0,1,0,0,0,0,0,0,0,0,1,0,0,1,0,0,0,active
248,0,1,1,1,0,1,1,0,0,0,0,0,1,0,0,0,0,0,0,1,5,1,0,0,0,0,0,0,0,0,1,0,0,0,0,1,0,0,0,0,active
249,0,0,0,3,0,0,0,1,1,1,1,1,0,1,0,0,0,0,1,0,3,1,1,0,0,0,0,0,0,0,0,0,0,0,0,0,1,0,0,0,active
250,0,1,0,0,0,0,1,0,0,0,0,0,0,0,1,0,0,0,0,0,6,0,1,0,0,0,0,0,0,0,1,0,0,0,0,4,0,0,0,0,active
251,0,2,0,1,0,0,1,0,0,1,1,0,1,0,3,0,0,0,1,0,1,0,1,0,0,0,0,0,0,0,1,0,0,1,0,0,1,1,0,0,active
252,1,0,0,0,1,0,1,0,0,2,1,0,0,0,0,0,0,0,0,0,3,0,1,0,1,0,0,0,0,0,0,0,0,1,0,0,1,0,0,0,active
253,0,1,0,2,0,1,1,0,0,0,0,0,1,1,0,0,0,0,0,0,3,1,1,1,0,0,0,0,0,0,1,0,0,0,0,1,0,0,0,0,active
254,0,0,0,1,0,1,1,0,1,0,0,1,1,0,0,0,0,0,0,0,5,0,1,1,0,0,1,0,0,0,0,0,0,0,0,1,0,0,0,0,inactive
255,1,0,0,0,1,0,0,0,1,0,0,0,0,1,0,0,0,0,0,1,5,1,1,0,1,0,0,0,0,0,1,0,0,0,0,3,0,0,0,0,inactive
256,1,2,0,0,0,0,1,0,0,0,0,0,1,1,0,0,0,0,0,0,6,0,1,0,1,0,0,0,0,0,1,0,0,0,0,2,0,0,0,0,inactive
257,1,0,0,0,0,0,0,1,0,1,1,0,1,0,0,0,0,0,1,0,0,1,1,0,0,0,0,0,0,0,1,0,0,1,0,3,1,0,0,0,inactive
258,1,0,0,1,0,0,1,0,0,2,0,0,1,0,0,0,2,0,0,0,5,0,1,0,1,1,0,0,0,0,0,0,0,0,0,0,0,0,0,0,inactive
259,0,1,0,1,0,0,1,0,0,0,0,0,0,1,0,0,0,1,0,0,4,0,0,0,0,0,1,0,0,0,1,0,0,0,0,3,0,0,0,0,active
260,1,0,0,3,0,0,1,0,0,0,0,0,1,0,0,0,0,1,0,0,5,0,0,0,0,0,0,0,0,0,1,0,0,0,0,2,0,0,0,0,active
261,0,0,0,2,1,0,1,0,0,1,1,0,1,1,1,0,0,1,0,0,2,0,1,0,1,0,0,0,0,1,1,0,0,0,0,0,1,0,0,0,active
262,0,0,1,0,1,0,1,2,1,1,0,0,1,0,0,0,1,0,0,0,1,1,0,0,1,0,0,0,0,0,0,0,0,1,0,0,1,0,0,0,inactive
263,0,0,1,0,0,0,0,0,2,0,0,1,0,1,0,0,0,0,0,0,3,1,1,0,0,0,0,0,0,0,1,2,1,0,0,2,0,1,0,0,inactive
264,1,0,0,1,0,0,1,0,1,1,1,0,1,1,0,0,0,0,2,0,2,1,0,0,1,0,0,0,0,0,1,0,0,1,0,0,1,1,0,0,inactive
265,0,0,0,0,0,0,1,0,0,1,1,0,0,1,0,0,0,1,0,0,1,0,0,0,1,1,0,0,0,1,1,0,1,1,0,0,0,0,0,0,inactive
266,0,0,1,0,0,0,1,1,0,1,1,0,0,1,0,0,0,0,1,0,3,0,0,0,1,0,0,0,0,1,1,0,1,1,0,0,1,1,0,1,inactive
267,1,0,0,0,1,0,1,0,0,1,0,0,1,1,0,0,0,0,0,1,3,1,1,0,1,0,0,0,0,0,1,0,1,1,0,0,0,0,0,1,inactive
268,1,0,0,0,1,0,1,0,0,0,0,1,1,0,0,0,0,1,0,1,5,0,1,0,1,0,1,0,0,0,1,0,0,0,0,2,0,0,0,0,inactive
269,0,0,0,4,0,0,0,0,0,0,0,0,1,1,1,0,0,1,0,0,5,0,1,0,1,0,0,0,0,0,0,0,0,0,0,3,0,0,0,0,active
270,0,0,0,1,1,0,1,0,0,2,1,0,1,0,0,0,0,0,1,0,3,0,1,0,1,0,0,0,0,0,0,0,0,1,0,0,1,0,0,0,active
271,0,2,0,1,0,0,1,0,0,1,1,0,0,1,2,0,0,0,0,0,0,0,0,0,1,0,0,0,0,0,1,1,0,1,0,0,1,0,0,0,active
272,0,0,0,0,0,0,1,0,0,0,0,0,0,0,3,0,0,1,0,0,4,0,1,1,0,0,0,0,0,0,0,0,0,0,0,2,0,0,0,0,active
273,0,0,0,2,0,0,1,0,0,1,1,0,1,1,0,0,0,0,0,0,1,0,1,0,1,0,0,0,0,0,1,0,0,1,0,0,1,0,0,0,active
274,0,0,0,1,0,0,1,0,0,2,1,0,0,1,0,0,0,1,0,0,2,0,1,0,1,0,0,0,0,2,1,0,0,0,0,0,1,0,0,0,active
275,1,0,0,0,2,0,1,2,0,0,0,0,1,0,2,0,0,1,0,0,0,0,1,0,0,0,0,0,0,0,0,0,0,0,0,3,0,1,0,0,active
276,0,0,0,0,0,1,1,0,0,0,0,0,0,0,3,0,2,1,0,0,4,0,0,0,0,0,0,0,0,0,1,0,0,0,0,0,0,0,0,0,active
277,0,3,2,0,0,1,1,1,0,1,0,1,0,0,0,0,0,0,0,0,1,2,1,0,0,0,0,0,0,0,1,0,0,0,0,0,1,0,0,0,active
278,0,0,1,2,0,0,1,0,0,0,0,0,1,0,1,0,0,0,0,0,2,0,1,0,1,1,0,0,0,0,1,0,0,0,0,0,0,1,0,0,inactive
279,1,0,0,0,1,0,1,0,0,0,0,0,1,1,0,0,0,0,0,0,3,1,0,0,1,0,0,0,0,0,1,0,0,0,0,2,0,0,0,0,inactive
280,1,0,1,0,0,1,0,0,1,0,0,0,1,0,0,0,0,0,0,0,5,0,1,0,0,1,0,0,0,0,0,0,0,0,0,3,0,0,0,0,inactive
281,1,0,2,0,1,0,1,0,1,2,1,0,0,1,0,0,0,0,1,0,2,0,0,0,1,0,0,0,0,0,1,0,0,1,0,0,1,0,0,0,inactive
282,1,0,2,0,1,0,1,0,1,0,0,0,0,1,0,0,0,0,0,0,4,1,0,0,1,1,0,0,1,0,1,0,1,0,0,0,0,0,0,0,inactive
283,1,0,0,0,0,1,1,2,0,1,1,0,1,1,0,0,0,0,1,0,0,0,1,0,1,0,0,0,0,0,1,0,1,1,0,0,1,0,0,1,inactive
284,0,0,0,0,0,1,1,0,1,0,0,0,0,0,0,0,0,0,0,1,5,1,1,0,1,0,0,1,0,0,1,0,0,0,0,0,0,1,0,0,inactive
285,1,0,0,0,1,0,1,2,0,0,0,0,1,0,0,0,0,0,0,1,0,0,1,0,1,0,0,0,0,1,1,0,0,0,0,0,0,0,0,0,inactive
286,1,0,0,1,1,0,1,1,0,0,0,0,1,0,0,0,0,0,0,1,4,0,1,0,1,0,0,0,0,0,0,0,0,0,0,3,0,0,0,0,inactive
287,1,0,2,0,1,0,1,0,0,0,0,0,0,0,0,0,2,0,0,0,3,0,1,0,0,1,1,0,0,0,1,0,0,0,0,1,0,1,0,0,inactive
288,1,0,1,0,0,1,1,0,0,0,0,0,1,1,0,0,0,0,0,0,3,0,1,0,1,0,0,0,0,0,1,1,0,0,0,0,0,0,0,0,inactive
289,1,0,0,0,2,0,1,1,1,1,1,0,1,1,0,0,0,0,1,0,0,0,0,0,1,1,0,0,0,0,1,0,1,1,0,1,0,0,0,0,inactive
290,0,0,0,2,2,0,1,0,0,0,0,0,1,1,0,1,1,0,0,0,3,1,0,0,1,0,0,0,1,0,1,0,0,0,0,0,0,0,0,0,active
291,0,0,0,1,0,0,1,0,0,1,1,0,0,1,2,0,0,0,0,0,1,0,0,0,1,0,0,0,0,0,0,0,0,1,0,0,1,1,0,0,active
292,0,0,0,1,0,0,1,0,0,0,0,0,1,1,0,0,0,1,0,0,3,1,0,0,0,0,0,0,0,0,1,0,0,0,0,3,1,1,0,0,active
293,0,2,1,0,0,1,0,0,0,0,0,0,0,1,0,0,0,0,0,0,0,0,1,0,1,0,0,0,0,0,0,1,0,0,0,2,1,0,1,0,active
294,0,2,0,2,0,1,1,0,0,0,0,0,1,0,0,0,0,0,0,0,2,0,1,0,0,0,0,0,2,0,1,0,0,0,0,1,0,0,0,0,active
295,0,0,0,0,0,0,0,0,0,0,0,0,0,0,4,0,0,0,0,0,4,0,1,0,0,0,0,0,0,0,1,0,0,0,0,1,1,0,0,0,active
296,1,0,0,2,0,0,1,0,0,1,1,0,1,1,0,0,0,0,0,0,0,0,0,0,1,0,0,0,0,0,1,0,0,1,0,0,1,0,0,0,active
297,0,0,2,2,0,0,1,0,0,0,0,0,0,0,1,0,2,1,0,0,4,1,1,0,0,0,0,0,0,0,1,0,0,0,0,0,0,0,0,0,active
298,0,0,0,1,0,0,1,0,0,1,1,1,0,1,3,0,0,1,0,0,0,0,1,0,1,0,0,0,0,0,1,0,0,0,0,1,1,0,1,0,active
299,0,0,0,0,1,0,1,1,0,0,0,0,0,0,4,0,0,1,0,0,0,0,0,0,0,0,0,0,0,0,1,0,0,0,0,3,0,1,0,0,active
300,0,0,1,0,2,0,1,0,0,0,0,0,0,1,0,0,0,0,0,0,5,0,1,0,1,0,0,0,0,1,1,0,1,0,0,1,0,0,0,0,inactive
301,0,0,0,0,0,0,1,0,1,1,1,0,0,1,0,0,0,0,1,0,0,0,1,0,0,0,0,0,0,0,1,1,1,1,0,3,1,0,0,1,inactive
302,1,0,0,0,2,0,1,1,1,1,0,1,0,0,0,0,0,0,0,1,0,0,0,0,0,0,0,0,0,1,1,0,0,0,0,0,0,0,0,0,inactive
303,1,0,1,0,1,0,1,1,0,0,0,0,1,1,2,0,0,0,0,0,0,0,1,0,1,0,0,0,0,0,1,0,0,0,0,0,0,0,0,0,inactive
304,1,0,0,0,1,0,1,1,0,0,0,0,0,1,0,0,2,0,0,0,3,0,0,0,1,1,0,0,1,0,1,0,0,0,0,0,0,0,0,0,inactive
305,1,0,0,1,0,1,0,2,0,0,0,0,0,1,0,0,0,1,0,0,0,0,1,0,0,0,0,0,0,0,0,0,0,0,0,4,0,1,0,0,inactive
306,1,0,0,0,0,0,1,1,1,1,0,0,0,0,1,0,0,1,0,0,4,1,0,0,1,0,0,0,0,0,1,0,0,0,0,0,1,1,0,0,inactive
307,1,0,0,1,0,0,1,0,0,1,0,0,1,1,0,0,0,0,0,0,1,0,1,0,1,0,0,0,2,1,1,0,1,1,0,0,0,0,0,0,inactive
308,0,1,0,1,0,0,1,1,0,0,0,0,1,1,0,0,0,0,0,0,0,0,1,1,1,1,0,0,0,0,1,1,0,0,0,1,0,1,0,0,inactive
309,1,0,0,0,0,0,1,0,0,0,0,0,1,0,0,0,0,1,0,0,3,1,1,0,1,1,0,0,0,1,0,0,0,0,0,2,0,0,0,0,inactive
310,0,0,1,0,0,0,0,0,0,0,0,0,0,1,3,0,2,0,0,1,1,1,0,0,1,0,0,0,1,0,1,0,0,0,0,0,0,0,0,0,inactive
311,0,0,0,1,0,0,0,0,1,0,0,0,0,0,0,0,0,0,0,0,4,1,0,0,0,0,0,0,0,0,0,1,0,0,0,0,0,0,0,0,inactive
312,0,0,0,0,0,1,1,1,0,0,0,0,0,0,0,0,0,1,0,0,6,0,1,0,0,1,0,0,0,0,0,1,0,0,0,0,0,0,0,0,inactive
313,0,0,0,0,1,0,1,0,2,0,0,0,0,0,0,0,0,0,0,1,3,0,1,0,1,0,0,0,0,0,1,0,0,0,0,1,0,0,0,0,inactive
314,1,0,1,0,0,1,0,0,1,0,0,0,1,0,0,0,0,0,0,0,4,2,0,0,1,0,0,0,0,0,1,0,0,0,0,1,0,0,0,0,inactive
315,0,0,0,0,0,1,1,0,0,0,0,0,0,1,0,0,0,0,0,0,4,0,1,0,1,0,0,1,0,0,1,1,1,0,0,0,0,0,0,0,inactive
316,0,0,0,0,0,1,1,0,0,0,0,0,0,1,0,0,0,0,1,1,3,0,0,1,1,0,0,1,0,1,1,1,0,1,0,0,0,1,0,0,inactive
317,1,0,0,0,2,0,1,0,0,0,0,0,0,1,0,0,0,0,0,0,4,0,1,0,1,0,0,0,1,0,1,0,1,0,0,0,0,0,0,0,inactive
318,0,0,0,1,0,0,1,0,1,0,0,0,0,0,0,0,0,0,0,0,0,0,1,0,0,1,0,0,0,0,1,1,0,0,0,3,0,1,0,0,inactive
319,1,0,1,0,1,0,1,0,0,0,0,0,1,1,0,0,0,0,0,0,5,0,0,0,1,0,0,0,1,0,1,0,0,0,0,0,0,0,0,0,inactive
320,0,0,1,0,0,1,1,0,0,1,1,0,0,1,0,0,0,0,1,0,2,0,1,0,1,0,0,0,0,1,1,0,1,1,0,0,1,0,0,0,inactive
321,1,0,1,0,0,0,1,0,0,0,0,0,1,0,0,0,0,0,0,1,2,1,1,0,1,0,0,0,0,0,0,0,0,0,0,4,0,0,0,0,inactive
322,0,0,0,2,0,0,1,0,0,0,0,0,1,0,1,0,0,1,0,0,2,0,1,0,0,0,1,0,0,0,1,0,0,0,0,3,0,0,0,0,active
323,0,2,0,1,0,0,1,0,0,0,0,0,1,1,2,0,0,0,0,0,2,0,1,0,0,1,0,0,0,0,1,0,0,0,0,1,0,0,0,0,active
324,0,3,0,2,0,0,1,0,0,0,0,0,1,0,0,0,0,1,0,0,2,0,1,0,0,0,0,0,0,0,1,0,0,0,0,0,0,0,0,0,active
325,1,1,0,0,0,1,1,0,0,0,0,0,0,1,3,0,0,0,0,0,3,1,0,0,0,0,0,0,0,0,1,0,0,0,0,3,0,0,0,0,active
326,0,0,2,1,0,0,1,0,0,0,0,0,0,0,0,0,2,0,0,0,5,0,1,1,0,0,0,0,0,0,0,0,0,0,0,0,0,0,0,0,active
327,1,1,0,1,0,1,1,0,0,0,0,0,1,0,0,0,0,1,0,0,3,0,0,0,0,0,0,0,0,0,1,0,0,0,0,1,0,0,0,0,active
328,0,2,0,0,1,0,1,0,0,1,1,0,0,0,0,0,0,0,1,0,1,0,1,0,0,0,0,0,0,0,1,0,0,1,0,0,1,1,0,0,active
329,0,0,0,3,0,0,0,0,0,1,0,0,1,1,1,0,0,1,0,0,0,0,0,0,1,0,0,0,0,0,1,1,0,1,0,0,1,0,0,0,active
330,0,0,1,0,1,0,0,0,0,1,1,0,1,1,0,0,0,0,1,0,3,0,0,0,0,0,0,0,0,0,1,0,0,1,0,0,1,0,0,0,active
331,0,0,2,1,0,0,1,0,0,0,0,0,1,0,0,0,2,0,0,0,1,2,1,0,0,0,0,0,1,0,1,0,0,0,0,0,0,0,0,0,active
332,0,0,0,0,0,0,1,0,0,1,1,0,0,1,0,0,0,1,0,0,1,0,0,0,1,0,0,0,0,0,1,0,0,1,0,0,1,0,0,0,active
333,0,1,0,2,0,0,1,0,0,0,0,0,0,1,2,0,0,0,0,0,1,0,1,0,0,0,0,0,0,0,1,0,0,0,0,2,0,1,0,0,active
334,0,0,0,1,0,0,1,0,0,1,1,0,1,1,1,0,0,1,1,0,0,0,1,0,0,0,0,0,0,2,1,0,1,0,0,0,1,0,0,0,active
335,1,0,0,1,0,0,1,0,0,0,0,0,1,0,1,0,0,1,0,0,3,0,1,0,0,0,0,0,0,0,1,0,0,0,0,2,0,0,0,0,active
336,0,3,0,1,0,0,1,0,0,0,0,0,1,0,1,0,0,1,0,0,1,0,1,0,0,0,0,0,0,0,1,0,0,0,0,1,0,0,0,0,active
337,0,1,0,2,0,0,1,0,0,0,0,0,1,1,0,0,0,0,0,0,1,1,0,1,0,0,0,0,0,0,1,0,0,0,0,0,0,0,0,0,active
338,0,0,0,1,0,0,1,0,0,2,1,0,0,0,0,0,0,1,0,0,2,0,0,0,0,0,0,0,0,0,1,0,0,1,0,2,1,0,0,0,active
339,0,0,0,1,0,1,1,0,0,0,0,0,1,0,0,0,0,1,0,0,4,0,0,0,0,0,0,0,0,0,1,0,0,0,0,0,0,0,0,0,active
340,0,0,1,0,0,0,1,1,0,0,0,0,1,0,0,1,0,0,0,0,2,1,1,0,0,0,1,0,0,0,1,0,0,0,0,1,0,0,0,0,active
341,0,2,0,1,0,0,1,0,0,1,1,0,1,0,0,0,0,1,0,0,0,1,0,0,0,0,0,0,0,0,1,0,0,1,0,0,1,0,0,0,active
342,1,0,0,3,0,0,1,0,0,0,0,0,1,1,0,0,0,1,0,0,1,0,1,0,0,0,0,0,0,0,1,0,0,0,0,3,0,0,0,0,active
343,0,3,0,0,1,0,1,1,0,0,0,3,0,0,0,1,0,0,0,0,0,0,1,0,0,0,0,0,0,0,1,0,0,0,0,0,0,0,0,0,active
344,0,0,0,0,1,0,1,0,0,1,0,0,0,0,0,1,0,1,0,0,4,0,1,0,0,0,0,0,0,0,0,0,0,0,0,1,0,0,0,0,active
345,0,0,0,0,0,0,1,0,0,1,1,0,0,0,2,0,0,1,0,0,0,0,1,0,0,0,0,0,0,1,1,0,0,1,0,0,1,0,1,0,active
346,0,0,0,1,0,0,1,0,0,1,1,0,1,1,0,0,0,0,1,0,3,0,1,0,1,0,0,0,0,0,1,0,0,0,0,0,1,0,0,0,active
347,0,2,0,0,1,0,1,0,0,0,0,0,1,0,0,0,0,0,0,0,2,1,0,0,0,0,0,0,2,0,0,0,0,0,0,0,0,1,0,0,active
348,1,0,2,0,0,0,1,0,0,0,0,0,1,0,0,0,0,0,0,0,3,0,0,0,0,1,0,0,1,0,1,0,0,0,0,2,0,0,0,0,inactive
349,0,0,0,0,0,0,1,0,0,0,0,0,0,1,0,0,0,1,0,1,2,1,0,0,0,1,0,0,0,0,1,0,0,0,0,2,0,0,0,0,inactive
350,0,0,0,1,0,0,1,0,0,0,0,0,0,1,0,0,0,0,0,0,5,0,0,0,1,0,1,0,2,0,0,0,0,0,0,1,0,0,0,0,inactive
351,0,0,1,0,0,1,1,1,1,1,0,1,0,1,0,0,0,1,0,0,0,0,1,0,0,0,0,0,0,0,1,0,0,0,0,0,1,0,0,0,inactive
352,1,0,2,0,1,0,1,1,0,1,1,0,0,1,0,0,0,0,0,0,0,0,0,0,1,0,0,0,0,0,1,0,1,0,0,0,1,0,0,0,inactive
353,0,0,0,0,0,1,1,0,1,1,0,0,0,0,0,1,0,0,0,1,4,1,1,0,1,0,0,1,0,0,0,0,0,0,0,0,1,0,0,0,inactive
354,1,0,1,1,0,0,1,1,0,0,0,0,1,1,0,0,0,0,0,0,0,1,1,0,1,0,0,1,0,0,1,0,0,0,0,1,0,0,0,0,inactive
355,0,0,1,0,0,0,1,0,0,0,0,0,0,1,0,0,0,1,0,0,6,0,1,0,0,0,0,0,0,1,1,0,0,0,0,2,0,0,0,0,inactive
356,1,0,0,0,0,0,1,0,0,1,1,0,0,0,0,0,0,0,1,0,4,0,0,0,1,0,0,0,0,1,1,0,0,1,0,1,1,0,0,0,inactive
357,0,0,0,0,1,1,1,1,1,0,0,1,1,0,0,0,0,0,0,0,0,0,1,0,1,0,0,0,0,0,1,0,0,0,0,1,0,0,0,0,inactive
358,0,0,1,0,1,0,1,1,0,0,0,0,0,1,0,0,0,1,0,0,0,1,1,0,0,0,0,0,0,0,1,0,0,0,0,3,0,0,0,0,inactive
359,1,0,2,0,0,0,1,1,0,1,1,0,0,1,0,0,0,0,1,0,0,0,0,0,0,0,0,0,0,0,1,2,1,1,0,1,1,0,0,0,inactive
360,1,0,0,0,0,0,1,0,0,0,0,0,1,1,0,0,0,0,0,0,4,0,1,1,1,0,0,0,0,0,0,0,0,0,1,0,0,0,0,0,inactive
361,1,0,1,1,0,0,1,1,0,2,1,0,0,0,0,0,0,0,1,0,0,0,0,0,0,0,0,0,0,0,0,1,0,1,0,0,1,0,0,0,inactive
362,0,0,0,0,0,0,0,0,0,0,0,1,0,1,0,0,2,0,0,0,1,0,1,1,1,1,0,0,0,0,1,0,0,0,0,0,0,0,0,0,inactive
363,1,0,0,0,2,0,1,0,0,0,0,1,0,0,0,0,2,1,0,0,4,0,1,0,0,0,0,0,0,0,1,0,0,0,0,0,0,0,0,0,inactive
364,1,0,0,0,0,1,1,1,1,0,0,0,0,0,2,0,0,1,0,0,5,0,1,0,0,0,0,0,0,0,1,0,0,0,0,1,0,0,0,0,inactive
365,1,0,0,0,0,1,1,0,0,0,0,0,1,0,0,0,0,0,0,0,4,0,1,0,1,0,0,0,0,0,1,0,0,0,0,2,0,0,0,0,inactive
366,1,0,1,0,0,1,1,2,1,0,0,0,0,0,0,0,0,0,0,0,0,1,1,0,1,0,0,0,0,0,1,0,0,0,0,0,0,0,0,0,inactive
367,0,0,0,1,1,0,0,2,0,0,0,0,1,1,0,0,0,0,0,0,0,1,1,0,1,0,0,0,0,0,1,0,0,0,0,3,0,0,0,0,inactive
368,1,0,0,3,0,0,0,0,0,0,0,0,1,1,0,0,0,1,0,0,3,0,1,0,0,0,0,0,0,0,0,0,0,0,0,3,0,0,0,0,inactive
369,1,0,0,0,0,1,1,0,0,0,0,0,0,1,0,0,0,0,0,1,3,0,1,0,1,0,0,0,0,1,1,0,0,0,0,0,0,0,0,0,inactive
370,0,0,0,0,0,1,1,0,0,0,0,0,0,1,0,0,0,0,0,0,4,0,1,0,0,0,0,1,0,1,1,0,0,0,0,2,0,0,0,0,inactive
371,1,0,1,0,0,0,1,0,0,0,0,0,0,0,0,0,0,0,0,0,2,1,1,1,1,0,0,0,0,0,1,0,1,0,0,0,0,1,0,0,inactive
372,1,0,0,0,0,2,1,0,0,0,0,0,1,1,0,0,0,0,0,0,3,0,1,0,0,0,0,0,0,1,1,0,0,0,0,1,0,0,0,0,inactive
373,0,0,1,0,0,0,1,0,1,0,0,0,0,1,0,0,0,0,0,1,6,0,1,0,0,0,0,0,0,0,1,0,0,0,0,1,0,0,0,0,inactive
374,0,0,0,1,1,0,1,0,0,0,0,1,1,0,0,0,0,0,0,0,5,0,1,0,0,0,0,0,0,0,1,0,0,0,0,1,0,0,0,0,inactive
375,1,0,0,0,0,1,1,0,0,0,0,0,1,0,0,0,0,0,0,1,4,1,1,0,1,0,0,0,0,0,1,0,0,0,0,0,0,0,0,0,inactive
376,0,0,1,2,0,0,1,0,1,0,0,0,1,1,0,0,0,0,0,0,1,0,0,0,0,0,0,0,0,1,1,0,1,0,0,1,0,1,0,1,inactive
377,1,0,0,0,1,0,1,1,1,0,0,0,1,1,0,0,0,0,0,0,0,2,1,0,1,0,0,0,0,0,1,0,0,0,0,2,0,0,0,0,inactive
378,0,0,0,1,0,0,1,0,0,0,0,1,0,1,0,0,0,0,0,0,2,0,1,1,1,0,0,0,1,0,1,1,1,0,0,1,0,1,0,0,inactive
379,0,0,0,1,0,0,1,0,0,1,1,0,1,1,1,0,0,0,0,0,0,0,0,0,0,0,0,0,0,1,1,0,1,1,0,0,1,0,0,0,active
380,0,0,0,0,0,0,0,0,0,0,0,0,0,1,1,1,0,1,0,0,1,0,1,0,0,1,0,0,0,0,1,0,0,0,1,2,0,0,0,0,active
381,0,1,1,0,0,1,1,0,0,0,0,0,1,0,0,0,0,0,0,0,2,0,0,0,0,0,1,0,0,0,1,0,0,0,0,2,0,0,0,0,active
382,0,0,0,1,0,0,1,0,0,1,1,0,0,1,1,0,0,0,0,0,2,0,0,0,1,0,0,0,0,0,0,0,0,1,0,0,1,0,0,0,active
383,0,2,0,4,1,0,1,0,0,1,0,0,1,0,0,0,0,1,0,0,0,0,1,0,0,0,0,0,0,0,1,0,0,0,0,2,0,0,0,0,active
384,0,0,0,1,0,0,1,0,0,0,0,0,0,0,0,0,0,1,0,0,6,0,1,0,0,0,0,0,0,0,0,0,0,0,0,0,0,0,0,0,active
385,0,0,2,3,0,0,1,0,0,0,0,0,0,0,0,0,2,0,0,0,4,0,0,0,0,0,0,0,0,0,0,0,0,0,0,0,0,0,0,0,active
386,0,0,0,1,0,0,0,0,0,0,0,0,1,0,0,0,2,1,0,0,6,0,1,0,0,0,0,0,0,0,0,0,0,0,0,0,0,0,0,0,active
387,0,1,0,0,0,0,1,0,0,0,0,0,0,0,4,0,0,1,0,0,2,0,1,0,0,0,0,0,0,0,1,0,0,0,0,2,0,0,0,0,active
388,1,0,0,3,0,1,1,0,0,0,0,0,1,0,0,0,0,1,0,0,2,0,1,0,0,0,0,0,0,0,1,0,0,0,0,1,0,0,0,0,active
389,0,0,1,0,0,0,1,1,0,0,0,0,1,0,0,0,0,0,0,0,2,1,1,0,1,0,1,0,0,0,1,0,0,0,0,1,0,0,0,0,active
390,0,0,0,1,0,0,1,0,0,1,1,0,0,1,1,0,0,0,0,0,2,0,0,0,1,0,0,0,0,0,0,0,0,1,0,0,1,1,0,0,active
391,0,0,0,0,0,0,1,0,0,1,1,0,0,1,0,0,0,1,0,0,1,0,0,0,1,0,0,0,0,0,1,0,0,1,0,0,1,0,0,0,active
392,0,0,0,2,0,0,1,0,0,0,0,0,1,0,0,0,0,1,0,0,1,1,1,1,0,0,0,0,0,0,1,0,0,0,0,3,0,0,1,0,active
393,0,0,0,1,0,0,1,0,0,1,0,0,1,0,1,0,0,1,1,1,0,0,0,0,0,0,0,0,0,0,1,0,0,1,0,0,1,0,0,0,active
394,1,0,0,1,0,0,0,0,0,0,0,0,0,1,0,0,0,1,0,0,5,0,0,0,1,0,0,0,0,0,0,0,0,0,0,3,0,0,0,0,active
395,0,0,0,0,0,0,1,0,0,1,1,0,1,0,1,0,0,1,1,1,2,0,1,0,0,0,0,0,0,0,1,0,0,1,0,0,0,0,0,0,active
396,0,2,0,2,0,0,1,0,0,0,0,0,1,0,1,0,0,1,0,0,1,0,0,0,0,0,0,0,0,0,1,0,0,0,0,1,0,1,0,0,active
397,0,1,0,2,0,1,1,0,0,0,0,0,0,1,1,0,0,0,0,0,1,0,1,0,0,1,0,0,0,0,1,0,0,0,0,1,0,1,0,0,active
398,1,0,0,0,0,0,1,0,0,0,0,0,0,0,0,0,0,1,0,0,1,0,1,0,1,0,0,0,0,0,1,0,0,0,0,3,0,0,0,0,active
399,0,1,0,0,0,0,1,0,0,0,0,0,1,1,0,0,0,1,0,0,3,0,1,0,0,0,1,0,0,0,1,0,0,0,0,3,0,0,0,0,active
400,0,0,0,0,0,0,1,0,0,1,0,0,1,1,0,0,0,0,0,0,3,0,1,0,0,1,0,0,0,0,1,0,0,0,0,2,0,0,0,0,active
401,0,0,0,0,0,1,0,0,0,0,0,0,0,0,3,0,0,1,0,0,3,0,0,0,0,1,0,0,0,0,1,0,0,0,0,1,0,0,0,0,active
402,1,1,0,3,0,1,1,0,0,0,0,0,1,0,0,0,0,1,0,0,2,0,0,0,0,0,0,0,0,0,1,0,0,0,0,1,0,0,0,0,active
403,0,0,0,2,1,0,1,1,0,0,0,0,0,0,0,0,2,1,0,0,1,1,0,0,0,0,0,0,0,0,0,0,0,0,0,0,0,1,0,0,active
404,0,0,0,1,0,0,1,1,0,0,0,0,0,0,0,0,0,1,0,0,1,0,1,1,0,0,1,0,0,0,1,0,0,0,0,4,0,0,0,0,active
405,0,2,0,3,0,0,1,0,0,0,0,0,1,1,0,0,0,1,0,0,0,0,0,0,0,1,0,0,0,0,1,0,0,0,0,0,0,1,0,0,active
406,0,0,0,1,0,0,1,0,0,1,0,0,1,0,0,0,0,1,0,0,0,1,1,0,0,1,0,0,0,0,1,0,0,0,0,1,0,0,1,0,active
407,0,0,0,1,0,0,0,0,0,2,1,0,0,1,4,0,2,0,0,0,0,0,0,0,0,0,0,0,0,0,1,0,0,1,0,0,1,0,0,0,active
408,0,0,0,3,0,0,0,0,0,2,1,0,1,0,1,0,1,0,0,0,1,0,0,0,0,1,0,0,0,1,1,0,0,1,0,0,0,0,0,0,active
409,0,0,0,3,0,0,1,0,0,1,0,0,1,1,0,0,0,0,0,0,1,0,1,0,0,0,0,0,0,1,0,0,0,1,1,0,1,0,0,0,active
410,1,0,0,2,1,0,1,0,0,0,0,1,0,0,0,0,0,0,0,0,0,0,1,0,0,0,0,0,0,0,1,0,0,0,0,0,0,0,0,0,active
411,0,0,0,2,0,0,1,0,0,1,0,0,1,0,1,1,0,0,0,1,1,0,1,1,0,0,0,0,0,0,1,0,0,0,0,2,0,0,0,0,active
412,0,1,0,3,0,0,1,0,0,0,0,0,1,1,0,0,0,0,0,0,3,0,1,0,0,0,0,0,0,0,1,0,0,0,0,2,0,0,0,0,active
413,0,0,0,0,1,0,1,0,0,1,1,0,0,1,0,0,0,0,1,1,2,0,1,0,0,0,0,0,0,0,1,0,0,1,0,0,1,0,0,0,active
414,0,0,0,0,2,0,1,0,0,0,0,1,0,1,0,0,0,1,0,0,2,0,0,0,1,0,0,0,0,0,1,0,0,0,0,0,0,0,0,0,inactive
415,1,0,0,0,0,0,0,0,0,0,0,0,0,0,0,0,0,1,0,0,5,0,1,0,0,0,0,0,0,0,1,0,0,0,0,2,0,0,0,0,inactive
416,0,0,1,0,0,0,1,0,0,0,0,0,0,1,0,0,0,1,0,0,2,0,1,0,1,0,0,0,1,0,1,2,0,0,0,2,0,0,0,0,inactive
417,1,0,0,0,0,0,1,0,1,0,0,0,0,1,0,0,0,0,0,0,4,0,0,0,1,0,0,0,0,0,1,0,0,0,0,0,0,0,0,0,inactive
418,1,0,2,0,0,1,0,1,0,1,0,0,0,0,0,0,0,0,0,0,0,0,1,0,1,0,0,0,0,1,0,0,0,0,0,2,0,0,0,0,inactive
419,1,0,1,0,1,0,1,1,0,0,0,0,1,0,1,0,0,0,0,0,0,0,1,0,1,0,0,0,2,0,1,0,0,0,0,0,0,1,0,0,inactive
420,1,0,1,0,0,1,1,0,0,0,0,0,0,1,0,0,0,0,0,0,5,1,0,0,1,0,0,0,0,0,1,0,0,0,0,0,0,0,0,0,inactive
421,1,0,0,2,2,0,1,2,0,0,0,0,1,1,0,0,0,0,0,0,0,1,1,0,0,0,0,0,0,0,0,0,0,0,0,2,0,0,0,0,inactive
422,1,0,1,0,0,0,0,0,0,0,0,0,1,0,0,0,0,0,0,0,4,0,1,0,0,0,0,0,0,0,1,0,0,0,0,2,0,0,0,0,inactive
423,1,0,2,0,0,1,0,0,0,0,0,0,0,0,0,0,0,0,0,0,5,0,1,0,1,0,0,0,0,0,0,0,0,0,0,2,0,0,0,0,inactive
424,1,0,0,0,0,1,0,0,0,0,0,0,1,1,0,0,0,0,0,1,4,1,0,0,1,1,0,0,0,0,1,0,0,0,0,0,0,0,0,0,inactive
425,0,0,0,2,0,1,1,0,0,0,0,0,1,0,0,0,0,0,0,0,4,0,1,0,1,0,0,0,1,0,1,1,0,0,0,0,0,0,0,0,inactive
426,1,0,0,0,0,1,1,1,2,0,0,1,0,1,0,0,0,0,0,0,0,0,0,0,1,0,0,0,0,0,1,0,1,0,0,1,0,0,0,0,inactive
427,1,0,0,3,0,0,1,0,0,0,0,0,0,0,0,0,0,0,0,0,2,0,0,0,1,1,0,0,0,0,1,0,0,0,0,4,0,0,0,0,inactive
428,0,0,0,0,1,0,1,1,0,1,0,1,0,0,0,0,0,0,0,0,0,1,1,0,0,1,0,0,0,0,1,0,0,0,0,0,0,0,0,0,inactive
429,0,0,0,0,2,0,1,0,0,0,0,1,1,0,0,0,2,0,0,0,5,0,1,0,0,0,1,0,0,0,1,0,0,0,0,0,0,0,0,0,inactive
430,1,0,2,0,0,1,1,0,0,1,1,0,0,0,0,0,0,0,0,0,3,0,0,0,0,2,0,1,0,0,0,0,0,1,0,0,0,0,0,0,inactive
431,0,0,0,0,1,0,1,0,0,1,0,2,1,0,0,0,0,0,0,0,3,0,0,0,1,0,0,0,0,0,0,0,0,0,0,0,1,0,0,0,inactive
432,0,0,1,0,0,1,1,1,0,2,1,0,1,0,0,0,0,0,1,0,2,0,1,0,0,0,0,0,0,0,1,0,0,0,0,0,1,0,0,0,inactive
433,1,0,1,0,0,0,1,0,1,1,1,0,0,0,0,0,0,0,2,0,0,0,0,0,1,0,0,0,0,1,1,1,0,1,0,0,1,0,0,0,inactive
434,0,0,0,0,0,1,1,0,1,0,0,0,0,0,0,0,0,1,0,0,4,0,1,0,0,0,0,0,0,0,1,0,0,0,0,1,0,1,0,0,inactive
435,1,0,1,0,0,0,1,0,0,0,0,0,0,1,0,0,0,1,0,0,3,1,1,0,1,0,0,0,0,0,1,0,0,0,0,0,0,0,0,0,inactive
436,1,0,0,0,1,0,1,0,1,0,0,0,1,0,0,0,0,0,0,0,4,0,1,0,1,0,0,0,0,0,1,0,0,0,0,0,0,0,0,0,inactive
437,0,0,1,0,0,0,0,0,0,0,0,0,0,0,1,0,0,1,0,0,3,1,1,0,0,0,0,0,0,0,1,0,0,0,0,3,0,0,0,0,inactive
438,1,1,0,0,1,0,1,1,0,0,0,0,1,0,0,1,0,0,0,0,0,1,1,0,1,0,0,0,0,0,1,1,0,0,0,1,0,1,0,0,inactive
439,1,0,1,0,0,1,1,2,1,0,0,0,1,0,0,0,0,0,0,0,0,1,1,0,1,0,0,0,0,0,0,0,0,0,0,0,0,0,0,0,inactive
440,1,0,0,0,0,0,1,2,1,0,0,0,1,1,0,0,0,0,0,1,0,0,1,0,1,0,0,0,0,0,0,0,0,0,0,1,0,0,0,0,inactive
441,1,0,1,1,0,0,1,0,0,0,0,0,1,0,0,0,0,0,0,0,3,0,1,0,1,1,0,0,0,0,1,0,0,0,0,0,0,1,0,0,inactive
442,1,0,0,1,1,0,1,0,0,0,0,1,0,1,0,0,0,0,0,0,0,0,1,0,1,0,0,0,0,0,1,0,1,0,0,0,0,0,0,1,inactive
443,1,0,0,0,0,0,1,0,0,1,1,0,1,0,0,0,0,0,0,1,0,1,1,0,0,0,0,0,0,0,1,0,1,1,0,0,0,0,0,1,inactive
444,1,0,0,0,0,0,1,0,1,0,0,1,0,1,0,0,0,1,0,0,2,0,0,0,0,1,0,0,0,0,1,1,0,0,0,0,0,0,0,0,inactive
445,1,0,0,3,0,0,1,0,0,0,0,0,1,1,0,0,0,0,0,0,3,0,1,0,0,0,0,0,0,0,0,0,0,0,0,2,0,0,0,0,inactive
446,1,0,0,0,0,0,1,1,0,0,0,0,0,0,0,0,0,1,0,0,4,0,1,0,1,0,0,0,0,1,1,0,0,0,0,0,0,0,0,0,inactive
447,1,0,0,0,0,0,1,0,0,0,0,0,1,1,0,0,0,0,0,0,2,1,1,0,1,0,0,0,0,0,1,0,0,0,0,0,0,0,0,0,inactive
448,1,0,0,0,1,0,1,1,0,0,0,0,1,0,0,0,0,0,0,0,0,0,1,0,1,0,0,0,1,1,1,0,0,0,0,0,0,1,0,0,inactive
449,1,0,1,1,0,0,1,1,0,1,1,0,0,0,0,0,0,1,1,0,0,1,0,0,1,0,0,0,0,0,0,0,0,0,0,2,1,0,0,0,inactive
450,1,0,0,0,0,1,1,0,0,0,0,0,0,1,0,0,0,0,0,0,4,0,1,0,1,0,0,0,0,0,1,0,0,0,0,2,0,0,0,0,inactive
451,1,0,1,0,1,0,1,0,0,0,0,0,0,1,0,0,0,0,0,0,4,0,1,0,0,0,0,1,0,0,1,0,1,0,0,1,0,0,0,0,inactive
452,0,0,0,0,0,1,1,0,0,0,0,0,0,1,0,0,0,0,0,0,2,0,1,0,1,0,0,0,0,0,1,0,0,0,0,2,0,0,0,0,inactive
453,0,0,1,1,1,0,1,0,0,0,0,0,1,1,0,0,0,1,0,0,3,0,0,0,0,0,0,0,0,0,1,0,0,0,0,0,0,0,0,0,inactive
454,0,0,0,0,0,0,1,0,0,0,0,0,0,1,0,1,0,0,0,0,3,0,1,0,0,0,0,0,0,0,1,0,0,0,0,2,0,0,1,0,active
455,0,0,0,3,0,0,1,0,0,1,0,0,1,0,0,1,0,1,0,0,1,1,0,0,0,0,0,0,0,0,0,0,0,0,0,2,0,0,0,0,active
456,0,0,0,3,0,0,1,0,0,0,0,0,1,1,0,0,0,0,0,0,1,0,0,0,0,0,0,0,0,0,1,0,0,0,0,1,0,1,0,0,active
457,1,0,0,1,0,1,1,0,0,0,0,0,1,1,0,0,0,0,0,0,3,0,1,0,0,0,0,0,0,0,1,0,0,0,0,2,0,0,0,0,active
458,0,0,0,0,0,0,1,0,0,1,1,0,0,1,0,0,0,1,1,1,1,0,1,0,1,0,1,0,0,1,1,0,0,0,0,0,1,0,0,0,active
459,0,0,0,2,0,0,0,0,0,0,0,0,1,1,0,2,1,0,0,0,2,0,1,0,0,0,0,0,0,0,1,0,0,0,0,0,0,0,0,0,active
460,0,0,0,0,1,0,1,0,0,1,0,0,0,1,0,0,0,0,0,0,4,0,1,0,1,0,1,0,0,0,1,0,0,1,0,0,1,0,0,0,active
461,0,0,0,0,1,0,1,0,0,2,1,0,0,0,0,0,0,0,0,0,3,0,1,0,1,0,0,0,0,0,1,0,0,1,0,0,1,0,0,0,active
462,0,0,0,3,0,1,1,1,0,0,0,0,1,1,0,0,0,0,0,0,2,0,0,0,0,0,1,0,0,0,0,0,0,0,0,0,0,0,0,0,active
463,0,2,0,3,0,0,0,0,0,0,0,0,1,0,0,0,0,0,0,0,1,0,1,0,0,1,0,0,0,1,1,0,0,0,0,2,0,0,0,0,active
464,0,0,0,4,0,1,1,0,0,0,0,0,1,1,2,0,0,0,0,0,1,0,0,0,0,0,0,0,0,0,1,0,0,0,0,2,0,0,0,0,active
465,0,0,0,2,1,0,1,0,0,0,0,1,1,0,1,1,0,1,0,0,0,0,0,0,0,0,0,0,0,0,1,0,0,0,0,0,0,0,0,0,active
466,0,0,0,0,2,0,1,0,1,0,0,0,0,1,0,0,0,0,0,0,2,1,1,0,0,0,0,0,1,0,1,0,0,0,0,2,0,0,0,0,active
467,1,0,0,0,0,0,1,1,0,0,0,0,0,0,0,0,0,1,0,1,0,1,1,0,0,0,0,0,0,0,1,0,0,0,0,3,0,0,0,0,active
468,0,1,0,2,0,0,1,0,0,0,0,0,1,0,0,0,0,1,0,1,2,0,0,0,0,0,0,0,0,0,1,0,0,0,0,3,0,0,0,0,active
469,0,1,0,3,0,0,1,0,0,0,0,0,1,0,0,0,0,1,0,0,2,1,0,0,0,0,0,0,0,0,0,0,0,0,0,1,0,0,0,0,active
470,0,0,0,3,0,0,1,0,1,0,0,0,1,0,1,0,0,0,0,0,4,0,1,0,0,0,0,0,0,0,0,0,0,0,0,0,0,0,0,0,active
471,0,0,0,0,0,0,1,0,0,1,1,0,0,1,0,0,0,1,0,0,0,0,0,0,1,0,0,0,0,0,1,0,0,1,0,0,1,0,0,0,active
472,1,0,0,2,0,0,1,0,0,0,0,0,1,0,0,0,0,1,0,0,3,0,1,0,1,0,1,0,0,0,1,0,0,0,0,1,0,0,0,0,active
473,0,1,0,0,0,0,1,0,0,0,0,0,1,0,0,0,0,0,0,0,1,0,1,0,0,0,0,0,0,0,1,0,0,0,0,2,0,1,0,0,active
474,0,0,0,3,0,0,1,0,0,0,0,0,1,0,0,2,0,0,0,0,0,0,1,1,0,0,0,0,1,0,1,0,0,0,0,0,0,0,0,0,active
475,0,0,0,0,0,0,1,0,0,2,1,0,0,0,0,0,0,0,2,0,2,0,0,0,0,0,0,0,0,0,0,0,0,1,0,2,1,0,1,0,active
476,0,1,0,1,0,0,1,0,0,0,0,0,1,0,0,0,0,0,0,0,3,0,1,0,0,0,0,0,0,0,0,0,0,0,0,3,0,0,0,0,active
477,0,0,1,0,0,0,1,0,0,1,1,0,1,1,0,0,0,0,1,0,0,0,1,0,1,0,0,0,0,1,1,0,0,0,0,0,1,0,0,0,active
478,0,0,0,3,0,0,0,0,0,2,1,0,1,0,0,0,2,0,0,0,0,0,0,0,0,0,0,0,0,1,1,0,0,1,0,0,1,0,0,0,active
479,0,0,0,0,0,0,0,0,0,1,1,1,1,1,0,0,0,0,0,0,3,0,1,0,1,0,0,0,0,0,1,0,0,0,0,0,1,0,1,0,active
480,0,0,0,0,0,0,1,0,0,1,0,0,0,1,2,1,0,1,0,0,0,0,1,0,0,1,0,0,0,0,1,0,0,0,0,1,0,0,1,0,active
481,0,1,1,0,1,0,1,0,0,0,0,1,0,0,0,0,0,0,0,0,3,0,1,0,0,0,1,0,0,0,1,0,0,0,0,0,0,0,0,0,active
482,1,0,0,3,0,0,0,2,0,0,0,0,1,0,0,0,0,1,0,0,0,1,1,0,1,0,0,0,0,0,0,0,0,0,0,3,0,0,0,0,active
483,0,1,0,2,0,0,1,0,0,0,0,0,0,0,0,0,0,1,0,0,1,0,1,0,0,0,0,0,0,0,1,0,0,0,0,2,0,1,0,0,active
484,0,0,0,0,0,0,1,0,2,0,0,0,0,1,2,0,0,1,0,0,0,0,0,0,0,1,0,0,0,1,1,0,0,0,0,0,0,1,0,0,active
485,1,1,0,0,0,0,1,0,0,0,0,0,0,1,0,0,0,1,0,0,1,0,1,0,0,0,0,0,0,0,0,0,0,0,0,3,0,0,0,0,active
486,1,0,0,0,0,0,1,0,0,0,0,0,0,0,0,0,0,0,0,0,6,0,1,0,1,0,0,1,0,0,1,0,0,0,0,1,0,0,0,0,active
487,1,0,1,1,0,0,1,0,0,0,0,0,0,0,0,0,1,0,0,0,4,0,1,0,0,0,0,0,0,0,1,0,0,0,1,0,0,0,0,0,active
488,0,0,0,3,0,0,0,0,0,0,0,0,0,0,0,1,0,0,0,0,0,0,1,0,0,1,0,0,0,0,1,0,0,0,1,2,0,0,0,0,active
489,0,1,2,0,0,0,1,0,0,0,0,0,1,0,0,0,0,0,0,0,3,0,0,0,0,0,0,0,0,0,1,0,0,0,0,1,0,0,0,0,active
490,0,2,0,0,0,0,1,0,0,0,0,0,0,0,0,0,0,0,0,0,1,0,0,0,0,1,0,0,0,0,0,0,0,0,0,3,0,1,0,0,active
491,0,0,0,0,0,0,1,0,0,1,1,0,1,1,1,0,0,1,0,0,1,0,1,0,1,0,1,0,0,0,1,0,0,0,0,0,1,0,0,0,active
492,1,0,0,0,0,0,1,0,0,0,0,0,0,0,3,0,0,1,0,0,3,0,0,1,0,0,0,0,0,0,1,0,0,0,0,0,0,0,0,0,active
493,1,0,0,3,0,0,1,0,0,0,0,0,1,0,0,0,0,1,0,0,1,0,1,0,1,0,0,0,0,0,1,0,0,0,0,1,0,0,0,0,active
494,0,1,1,0,0,0,1,0,0,0,0,0,0,1,0,0,0,0,0,0,3,0,1,0,0,0,0,0,0,0,1,0,0,0,0,3,0,0,0,0,active
495,0,0,0,3,0,0,1,0,0,1,0,1,1,1,0,0,0,1,0,0,0,1,0,0,1,0,0,0,0,0,0,2,1,0,0,0,1,0,0,0,active
496,1,0,0,2,0,0,1,0,0,0,0,0,1,0,0,0,0,1,0,0,2,1,1,0,0,0,0,0,0,0,1,0,0,0,0,0,0,0,0,0,active
497,0,1,0,1,0,0,1,0,0,0,0,0,0,0,0,0,0,0,0,0,4,0,1,0,0,0,0,0,0,0,1,0,0,0,0,3,0,0,0,0,active
498,0,1,0,2,0,0,1,0,0,1,0,2,0,1,0,0,0,0,0,0,0,0,1,0,1,0,0,0,0,1,1,0,1,0,0,0,0,0,0,0,active
499,0,0,0,2,0,0,1,0,0,1,1,0,1,1,0,0,0,1,1,0,0,0,1,0,1,0,0,0,0,1,1,0,0,0,0,0,1,0,0,0,active
500,0,1,0,0,0,0,1,0,0,0,0,0,0,0,0,0,0,0,0,0,4,0,1,1,1,0,0,0,0,0,0,0,0,0,0,3,0,0,0,0,active
501,0,0,0,2,1,0,0,0,0,0,0,0,1,0,0,0,0,1,0,0,3,0,0,0,0,0,0,0,0,0,1,0,0,0,0,1,0,0,0,0,active
502,0,0,0,2,0,0,1,0,0,0,0,0,1,1,0,0,0,0,0,0,1,0,0,0,1,0,0,0,0,0,1,0,0,0,0,3,1,0,0,0,active
503,0,0,0,1,0,0,1,1,0,1,0,0,1,0,0,1,0,1,0,0,0,1,0,0,0,0,0,0,0,0,1,0,0,0,0,2,0,0,1,0,active
504,1,0,0,1,0,0,1,0,0,0,0,0,0,0,0,0,0,0,0,0,1,1,1,0,1,0,0,0,0,0,1,0,0,0,0,3,0,0,0,0,active
505,1,0,0,0,0,0,1,1,0,0,0,0,0,1,0,0,0,0,0,0,0,0,0,0,1,0,0,0,0,0,1,0,0,0,0,2,0,0,0,0,inactive
506,0,0,0,0,0,0,1,1,1,0,0,0,1,0,0,0,0,0,0,0,4,1,1,0,0,0,0,0,0,0,1,0,0,0,0,0,0,0,0,0,inactive
507,1,0,0,2,0,0,1,1,0,0,0,0,1,0,0,0,0,1,0,0,2,1,1,0,1,0,0,0,0,0,1,0,0,0,0,0,0,0,0,0,inactive
508,1,0,0,0,0,1,1,0,0,0,0,0,0,1,0,0,0,0,0,0,4,0,1,0,0,0,0,0,0,0,1,0,0,0,0,1,0,0,0,0,inactive
509,1,0,0,0,0,1,1,0,0,0,0,0,1,0,0,0,0,0,0,0,4,0,1,0,0,0,0,1,0,0,1,0,0,0,0,0,0,0,0,0,inactive
510,1,0,0,0,2,0,1,0,0,0,0,0,0,1,0,0,0,0,0,1,1,0,1,0,0,1,0,0,0,1,1,0,1,0,0,0,0,0,0,0,inactive
511,1,0,0,1,0,0,1,0,1,0,0,0,0,0,0,0,0,1,0,0,3,1,1,0,0,0,0,0,0,0,1,0,0,0,0,0,0,0,0,0,inactive
512,0,0,0,0,0,1,1,1,0,0,0,0,1,1,0,0,0,0,0,0,0,1,1,0,1,0,0,1,0,0,1,0,0,0,0,0,0,0,0,0,inactive
513,1,0,0,0,1,0,1,2,0,0,1,2,0,0,0,0,0,0,0,1,0,0,0,0,0,0,0,0,0,1,1,0,0,0,0,0,0,1,0,0,inactive
514,1,0,1,1,0,0,0,0,0,0,0,0,1,0,0,0,0,0,0,0,4,0,1,0,0,0,0,0,0,0,1,0,0,0,0,3,0,0,0,0,inactive
515,1,0,1,0,0,1,1,1,0,0,0,0,1,0,0,0,0,1,0,0,0,1,1,0,1,0,0,0,0,0,1,0,0,0,0,0,0,0,0,0,inactive
516,1,0,0,0,0,1,1,0,0,0,0,0,0,0,0,0,0,0,0,0,5,0,1,0,1,0,1,0,0,0,0,0,0,0,0,2,0,0,0,0,inactive
517,1,0,0,0,1,0,1,0,0,0,0,1,0,1,0,0,0,0,0,0,2,1,1,0,1,0,0,0,1,1,1,0,0,0,0,0,0,0,0,0,inactive
518,0,0,1,0,0,0,1,0,0,0,0,1,0,0,0,0,0,1,0,1,1,0,1,0,0,0,0,0,1,0,1,0,0,0,0,1,0,0,0,0,inactive
519,0,0,0,0,1,0,1,1,0,0,0,0,0,0,2,0,0,0,0,0,0,0,1,0,0,0,0,1,1,0,1,0,0,0,0,2,0,1,0,0,inactive
520,0,0,1,0,0,1,1,0,0,0,0,1,1,0,0,0,0,0,0,0,2,0,1,0,1,1,0,0,0,1,0,0,0,0,0,0,0,0,0,0,inactive
521,0,0,0,0,0,1,0,0,0,0,0,0,1,1,0,0,0,1,0,1,4,0,1,0,0,0,0,0,0,0,0,0,0,0,0,2,0,0,0,0,inactive
522,1,0,0,0,0,0,1,0,0,0,0,0,1,0,0,0,0,0,0,0,4,0,0,0,1,0,0,0,0,0,1,0,0,0,0,1,0,0,0,0,inactive
523,0,0,1,3,0,0,1,0,0,0,0,0,1,1,0,0,0,0,0,0,1,0,1,0,0,0,1,0,1,0,1,0,0,0,0,1,0,0,0,0,inactive
524,0,0,0,0,0,0,1,1,0,1,0,0,0,1,1,1,0,0,1,1,0,0,1,0,0,1,0,0,0,0,1,0,0,0,0,0,0,1,0,0,inactive
525,0,2,0,0,1,0,1,1,0,1,0,0,0,1,0,0,0,0,0,1,0,0,0,0,0,0,0,0,0,0,1,0,0,0,0,0,1,0,0,0,inactive
526,1,0,0,0,0,0,1,2,0,1,0,1,0,1,0,0,0,0,0,0,0,1,0,0,0,0,0,0,0,1,1,0,0,0,0,0,0,0,0,0,inactive
527,0,0,0,0,0,0,0,0,1,0,0,0,1,0,0,0,0,0,0,0,3,1,0,0,1,0,0,0,0,0,1,0,0,0,0,0,0,0,0,0,inactive
528,0,0,0,1,0,0,1,0,0,0,0,0,1,0,0,0,2,0,0,0,3,0,1,0,0,1,0,0,0,0,0,0,0,0,0,0,0,0,0,0,inactive
529,1,0,0,0,0,1,1,0,0,0,0,1,0,1,0,0,1,0,0,0,4,0,0,0,1,0,0,0,1,0,0,0,0,0,0,0,0,0,0,0,inactive
530,0,0,0,2,0,0,1,0,0,0,0,0,0,1,0,0,2,0,0,0,4,0,0,1,1,0,0,0,0,0,0,0,0,0,0,0,0,0,0,0,inactive
531,0,0,0,1,0,0,1,0,1,0,0,0,0,0,0,0,0,0,0,0,1,0,1,0,1,1,0,0,0,1,1,0,0,0,0,2,0,1,0,0,inactive
532,0,0,1,0,1,0,1,0,1,0,0,0,1,0,0,0,0,0,0,0,3,0,1,0,1,0,0,0,0,0,1,0,0,0,0,0,0,0,0,0,inactive
533,1,0,1,0,0,0,1,0,0,0,0,0,0,1,0,0,0,0,0,0,3,0,1,0,0,0,0,1,0,0,1,0,0,0,0,2,0,1,0,0,inactive
534,1,0,0,0,1,0,1,1,0,0,0,0,1,1,0,0,0,0,0,0,0,0,0,1,1,1,0,0,0,1,1,0,0,0,0,0,0,0,0,0,inactive
535,1,0,0,1,0,1,1,2,1,0,0,0,0,0,0,0,0,0,0,0,0,1,1,0,1,0,0,0,0,0,1,0,0,0,0,0,0,0,0,0,inactive
536,0,0,2,0,0,0,1,0,0,0,0,0,0,1,0,0,0,0,0,1,4,0,0,0,1,0,0,0,0,0,0,1,0,0,0,1,0,0,0,0,inactive
537,1,0,1,0,1,0,1,0,0,0,0,0,0,0,0,0,0,0,0,1,5,0,0,0,1,0,0,0,0,0,0,0,0,0,0,1,0,0,0,0,inactive
538,0,0,0,3,0,0,1,0,0,0,0,0,1,1,0,0,0,0,0,0,2,0,1,0,0,0,1,0,0,0,0,0,1,0,0,0,0,0,0,1,inactive
539,0,0,2,0,0,0,1,1,0,0,0,0,0,1,0,0,0,0,0,0,1,1,1,0,1,0,0,0,1,0,1,0,1,0,0,0,0,0,0,0,inactive
540,1,0,0,0,0,1,1,0,0,0,0,0,0,1,0,0,0,0,0,0,5,1,1,0,0,0,0,0,0,0,1,0,0,0,0,1,0,0,0,0,inactive
541,0,0,0,0,1,0,1,1,0,0,0,0,1,1,0,0,0,0,0,0,2,0,0,0,1,1,0,0,0,0,1,1,1,0,0,0,0,0,0,0,inactive
542,1,0,1,1,0,1,0,0,0,0,1,1,1,1,0,0,0,0,0,0,2,0,1,0,0,0,0,0,0,0,0,0,1,0,0,0,0,0,0,1,inactive
543,0,0,0,0,0,1,1,0,0,0,0,0,0,0,0,0,0,0,0,0,4,2,0,0,0,0,0,0,0,0,1,0,0,0,0,0,0,0,0,0,inactive
544,1,0,0,2,0,1,1,0,0,0,0,0,1,0,0,0,0,1,0,0,3,0,1,0,1,0,0,0,0,0,0,0,0,0,0,1,0,0,0,0,inactive
545,1,0,1,1,0,1,1,1,0,0,0,0,1,0,0,0,0,1,0,0,0,1,0,0,0,0,0,0,0,0,0,0,0,0,0,1,0,1,0,0,inactive
546,1,0,0,1,1,0,1,0,0,0,0,0,1,0,0,0,0,0,0,1,2,1,1,0,1,0,0,0,0,0,1,0,0,0,0,0,0,0,0,0,inactive
547,0,1,0,0,0,1,1,0,0,2,1,0,0,1,0,0,0,0,0,0,1,0,0,0,0,0,0,0,0,0,0,1,0,1,0,0,1,0,0,0,inactive
548,0,0,1,0,0,0,1,0,0,0,0,1,1,0,0,0,0,0,0,0,2,0,1,0,1,0,0,0,0,1,1,0,0,0,0,2,1,0,0,0,inactive
549,1,0,0,0,0,0,1,0,2,0,0,0,0,0,0,0,0,0,0,0,4,0,1,0,1,0,0,0,0,0,1,0,0,0,0,0,0,0,0,0,inactive
550,1,0,0,0,0,0,1,0,0,0,0,0,1,0,0,0,0,0,0,0,3,0,1,0,1,0,0,0,0,0,1,0,0,0,0,0,0,1,0,0,inactive
551,0,0,1,0,0,0,1,0,0,1,1,1,0,1,0,0,0,0,0,0,0,0,1,0,1,0,0,0,0,1,1,0,0,0,1,2,1,0,1,0,inactive
552,1,0,0,0,0,0,1,0,0,0,0,1,0,1,0,0,0,0,0,1,2,0,1,0,0,0,0,0,0,0,1,0,0,0,0,0,0,0,0,0,inactive
553,0,1,0,1,0,0,1,0,0,0,0,0,1,0,0,0,0,1,0,0,0,0,1,0,0,0,0,0,0,0,1,0,0,0,0,2,0,0,0,0,active
554,0,1,0,1,0,0,1,0,0,1,0,0,0,0,0,1,0,0,0,0,0,0,1,0,0,1,0,0,0,0,1,1,0,0,0,2,0,0,0,0,active
555,1,0,0,1,0,0,0,0,0,0,0,0,1,0,0,0,0,1,0,0,4,0,0,0,0,0,0,0,0,0,1,0,0,0,0,1,0,0,0,0,active
556,0,1,0,0,0,0,1,0,0,0,0,0,0,1,0,0,0,1,0,0,3,0,0,1,1,0,0,0,0,0,1,0,0,0,0,2,0,0,0,0,active
557,0,1,0,1,0,0,1,0,0,0,0,0,1,1,1,0,0,1,0,0,3,0,0,0,0,0,0,0,0,0,1,0,0,0,0,0,0,0,0,0,active
558,0,0,0,0,1,0,1,0,0,2,1,0,0,1,0,0,0,0,1,0,3,0,1,0,1,0,0,0,0,0,0,0,0,1,0,0,1,0,0,0,active
559,0,0,1,1,0,0,1,0,0,0,0,0,1,0,0,0,1,0,0,0,4,0,0,0,0,0,0,0,0,0,1,0,0,0,1,0,0,0,0,0,active
560,0,1,0,0,0,0,1,0,0,0,0,0,0,0,4,0,0,1,0,0,1,0,1,0,0,0,0,0,0,0,1,0,0,0,0,1,0,1,0,0,active
561,0,2,1,0,0,0,0,0,0,0,0,0,0,0,0,0,0,0,0,0,1,0,1,0,0,0,0,0,1,0,1,1,0,0,0,4,0,0,0,0,active
562,0,0,1,1,0,0,1,1,0,0,0,0,0,0,1,0,1,1,0,1,0,0,1,0,0,0,0,0,0,0,1,0,0,0,0,0,0,0,0,0,active
563,0,0,0,0,0,0,1,0,0,0,0,0,0,1,0,0,2,0,0,1,0,1,1,0,0,0,0,0,0,0,1,0,0,0,0,0,0,0,0,0,active
564,0,0,1,1,0,0,1,1,0,0,0,0,0,0,0,0,1,1,0,1,0,0,1,0,0,0,0,0,0,0,1,0,0,0,0,0,0,1,0,0,active
565,0,0,1,2,0,0,1,1,0,0,0,0,0,0,0,0,2,1,0,0,0,0,1,0,0,0,0,0,0,0,1,0,0,0,0,0,0,0,0,0,active
566,0,0,1,0,0,1,1,0,0,0,0,0,1,1,0,0,0,0,0,0,4,0,0,0,0,0,0,0,0,0,1,0,0,0,0,1,0,0,0,0,active
567,1,0,1,0,0,1,1,2,0,0,0,0,0,1,0,0,0,0,0,1,0,0,1,0,0,0,0,0,0,0,1,0,0,0,0,0,0,0,0,0,active
568,1,0,0,0,0,0,1,0,0,0,0,0,0,1,2,0,0,1,0,0,1,0,1,0,0,0,0,0,0,0,1,0,0,0,0,1,0,0,0,0,active
569,0,1,0,0,0,1,0,0,0,0,0,0,0,1,2,1,0,0,0,0,1,0,1,0,0,0,0,0,0,0,1,0,0,0,0,0,0,0,0,0,active
570,0,1,0,0,0,0,1,0,0,0,0,0,0,0,0,0,0,1,0,0,2,0,1,0,0,0,0,0,0,0,1,0,0,0,0,3,0,0,0,0,active
571,0,0,0,0,0,0,1,0,0,0,0,0,1,1,0,0,0,0,0,0,0,0,1,0,1,0,0,0,0,0,1,0,0,0,0,1,1,0,0,0,active
572,0,1,1,0,0,0,1,0,0,0,0,0,1,0,0,0,0,0,0,0,3,0,1,0,1,0,0,0,0,0,0,0,0,0,0,2,0,0,0,0,active
573,1,1,0,3,0,0,1,0,0,0,0,0,1,0,0,0,0,1,0,0,1,0,1,0,0,0,0,0,0,0,1,0,0,0,0,0,0,0,0,0,active
574,0,0,0,0,0,0,1,0,0,1,0,1,0,1,0,0,0,1,0,0,1,0,1,0,1,0,0,0,0,0,1,0,0,0,0,0,1,0,0,0,active
575,0,0,0,0,0,1,1,0,0,0,0,0,0,0,1,0,0,1,0,0,1,0,1,0,0,0,0,0,0,0,1,0,0,0,0,0,0,0,0,0,active
576,1,0,0,2,0,0,1,0,0,0,0,0,1,0,0,0,0,0,0,0,1,0,1,0,1,0,0,0,0,0,0,0,0,0,0,3,0,0,0,0,active
577,0,0,0,1,0,0,0,0,0,1,0,0,0,0,1,0,0,0,0,0,3,0,1,0,0,0,0,0,0,0,0,0,0,0,0,2,0,0,0,0,active
578,0,0,0,0,0,1,1,0,0,0,0,0,0,0,0,0,0,1,0,0,5,0,1,0,0,0,0,0,0,0,1,0,0,0,1,0,0,0,0,0,active
579,0,0,0,1,0,0,1,0,0,0,0,0,0,0,0,0,0,1,0,0,2,0,1,0,0,1,0,0,0,0,1,0,0,0,0,3,1,1,0,0,active
580,0,0,1,0,1,0,1,0,0,0,0,0,1,0,0,0,0,0,0,0,3,0,1,0,1,0,0,0,0,0,0,0,0,0,0,3,0,0,0,0,active
581,0,0,0,0,0,0,1,0,0,0,0,0,0,1,4,0,0,1,0,0,1,0,1,0,1,0,0,0,1,0,0,2,0,0,0,0,0,0,0,0,active
582,0,0,0,3,0,0,1,0,0,0,0,0,1,0,2,0,2,0,0,0,0,0,1,0,0,1,0,0,0,0,1,0,0,0,0,0,0,0,0,0,active
583,0,0,0,0,0,0,1,0,0,0,0,0,0,0,2,2,0,1,0,0,0,0,1,0,0,1,0,0,0,0,0,0,0,0,0,0,0,0,0,0,active
584,0,1,0,0,0,0,1,0,0,0,0,0,0,0,3,0,0,1,0,0,0,0,0,0,1,0,0,0,1,0,1,0,0,0,0,0,0,1,0,0,active
585,0,0,0,0,0,0,1,0,0,1,1,0,0,1,0,0,0,1,1,0,1,0,1,0,0,0,0,0,0,0,1,0,0,1,0,0,1,0,0,0,active
586,1,1,0,2,0,0,1,0,0,0,0,0,1,0,1,0,0,0,0,0,2,0,0,0,0,0,0,0,0,0,1,0,0,0,0,1,0,0,0,0,active
587,0,3,1,1,0,0,1,0,0,1,0,0,1,0,0,0,0,0,0,0,0,0,1,0,0,0,0,0,0,0,1,0,0,0,0,0,0,0,0,0,active
588,1,0,0,1,0,0,1,0,0,0,0,0,0,0,0,0,0,0,0,0,3,0,1,0,0,0,0,0,0,1,0,0,0,0,0,2,0,0,0,0,active
589,0,0,2,0,0,0,0,0,0,2,1,1,0,1,0,0,0,0,0,0,1,0,1,0,1,1,0,0,0,0,1,0,0,0,0,0,0,0,0,0,active
590,0,0,0,2,0,1,1,0,0,0,0,0,1,0,0,0,0,1,0,0,1,0,1,0,0,0,0,0,2,0,1,0,0,0,0,0,0,0,0,0,active
591,1,0,0,1,1,0,1,1,1,0,0,0,0,1,0,0,0,0,0,0,0,0,0,0,0,0,0,0,0,0,0,1,0,0,0,2,0,0,0,0,inactive
592,1,0,2,0,0,1,1,0,0,0,0,1,1,1,0,0,0,0,0,0,0,0,0,0,1,1,0,0,0,0,1,0,1,0,0,0,0,0,0,0,inactive
593,0,0,1,1,0,1,1,2,0,1,1,0,0,0,0,0,0,1,1,0,0,0,1,0,0,0,0,0,0,0,1,0,0,1,0,0,0,0,0,0,inactive
594,0,0,0,2,1,0,0,0,0,0,0,0,0,0,0,0,0,1,0,0,4,0,0,0,0,0,0,0,0,0,1,0,0,0,0,1,0,0,0,0,inactive
595,0,0,0,0,0,0,1,0,0,0,0,1,0,0,2,0,0,0,0,0,3,0,1,0,0,0,0,0,1,0,1,0,0,0,0,0,0,0,0,0,inactive
596,0,0,0,0,0,0,0,0,0,2,1,0,0,0,3,0,0,1,1,0,0,0,1,0,0,0,0,0,0,0,1,0,0,1,0,1,1,0,0,0,inactive
597,1,0,0,0,0,2,1,1,0,0,0,0,1,0,0,0,0,1,0,0,0,1,0,0,1,0,0,0,0,0,1,0,0,0,0,0,0,1,0,0,inactive
598,0,0,1,0,0,0,1,0,0,1,0,0,1,0,0,0,0,0,0,0,2,1,1,0,0,0,0,0,0,0,1,0,0,0,0,2,0,0,0,0,inactive
599,0,0,1,0,0,0,1,0,0,0,0,0,1,0,0,0,0,0,0,0,3,1,1,0,0,0,0,0,0,0,1,0,0,0,0,3,0,0,0,0,inactive
600,0,0,2,0,0,1,1,0,0,0,0,0,0,0,0,0,0,1,0,0,3,1,0,0,0,0,0,0,0,0,0,0,0,0,0,1,0,1,0,0,inactive
601,1,0,0,1,0,0,1,1,0,0,0,0,0,0,0,0,0,0,0,0,0,0,1,0,1,0,0,0,0,0,1,0,0,0,0,0,0,0,0,0,inactive
602,0,0,0,0,0,0,1,0,2,0,0,0,0,1,1,0,0,1,0,1,0,1,1,0,0,0,0,0,0,0,1,0,0,0,0,0,0,0,0,0,inactive
603,1,0,0,2,0,0,1,1,0,0,0,0,1,0,0,0,0,0,0,0,0,1,1,0,0,0,0,0,0,0,1,0,0,0,0,0,0,0,0,0,inactive
604,0,0,2,1,0,0,1,1,0,0,0,0,1,0,0,0,0,0,0,0,0,1,1,0,0,0,0,0,0,0,0,0,0,0,0,1,0,0,0,0,inactive
605,1,0,0,0,0,0,1,0,1,1,1,1,0,0,0,0,0,0,0,1,0,0,1,0,1,0,0,0,0,0,1,0,1,0,0,0,1,0,1,0,inactive
606,0,0,1,0,0,0,1,0,0,0,0,0,0,0,0,0,0,0,0,1,3,0,1,0,0,0,0,0,1,0,1,0,0,0,0,1,0,0,0,0,inactive
607,0,0,1,2,0,0,1,0,0,0,0,0,0,1,0,0,0,1,0,0,2,0,1,0,0,0,0,0,0,0,1,0,0,0,0,1,0,0,0,0,inactive
608,0,0,0,0,0,1,1,0,1,0,0,0,1,0,0,0,0,0,0,0,4,0,1,0,0,0,0,0,1,0,1,1,0,0,0,0,0,0,0,0,inactive
609,1,0,1,1,0,0,1,0,0,0,0,0,1,0,0,0,0,0,0,0,2,1,1,0,1,0,0,0,1,0,1,0,0,0,0,0,0,0,0,0,inactive
610,1,0,1,1,0,1,1,1,1,0,0,0,1,0,0,0,0,0,0,0,0,0,1,0,1,0,0,0,0,0,1,0,0,0,0,0,0,0,0,0,inactive
611,0,0,0,0,1,0,1,0,0,0,0,0,0,1,0,0,0,0,0,1,5,0,0,0,0,0,0,0,0,0,1,0,0,0,0,2,0,0,0,0,inactive
612,1,0,0,0,0,0,1,0,0,1,0,0,0,0,1,0,0,1,1,0,0,0,1,0,1,0,0,0,0,0,1,0,0,1,0,1,1,0,0,0,inactive
613,1,0,0,0,1,0,1,1,0,0,0,0,1,0,0,0,0,1,0,0,0,0,1,0,0,0,0,0,1,0,1,0,0,0,0,0,0,0,0,0,inactive
614,0,0,1,0,0,0,0,0,0,1,1,0,0,1,2,0,0,0,0,0,1,0,0,0,1,0,0,0,0,0,1,0,0,1,0,0,1,0,0,0,inactive
615,0,0,1,0,0,0,0,0,0,1,0,0,1,0,0,1,0,0,0,0,5,0,1,1,0,0,0,0,0,0,0,0,0,0,0,1,0,0,0,0,inactive
616,0,1,0,1,0,0,0,1,0,1,1,0,1,0,0,0,0,0,1,0,0,0,0,0,0,0,0,0,0,0,1,0,0,1,0,2,1,0,0,0,inactive
617,0,0,0,2,1,0,1,1,0,0,0,0,0,0,0,0,2,1,0,0,0,1,1,0,0,0,0,0,0,0,0,0,0,0,0,0,0,0,0,0,inactive
618,0,0,0,0,0,0,0,0,0,0,0,1,0,1,0,0,0,0,0,0,1,0,1,1,1,1,0,0,0,0,1,0,0,0,0,0,0,0,0,0,inactive
619,0,0,0,2,0,0,1,1,0,0,0,0,1,0,0,0,0,0,0,0,0,1,1,0,0,0,0,0,0,0,0,0,0,0,0,0,0,0,0,0,inactive
620,0,0,1,0,0,1,1,0,0,0,0,0,0,0,0,0,0,1,0,0,1,0,1,1,1,0,0,0,1,0,1,0,0,0,0,0,0,0,0,0,inactive
621,0,0,0,1,2,0,1,2,0,0,0,1,1,0,0,0,0,0,0,0,0,0,1,0,0,0,0,0,0,0,0,0,0,0,0,2,0,0,0,0,inactive
622,0,0,0,1,2,0,1,1,0,1,0,0,1,0,0,1,0,0,0,0,0,0,0,0,1,0,0,0,0,0,0,0,0,0,0,0,1,0,0,0,inactive
623,1,0,0,0,1,0,1,1,1,0,0,0,0,0,0,0,0,0,0,0,0,1,1,0,0,0,0,0,0,0,1,0,0,0,0,1,0,0,0,0,inactive
624,1,0,0,0,0,1,1,1,0,1,1,0,0,1,0,0,0,0,0,1,0,0,0,0,0,0,0,0,0,0,1,0,0,1,0,1,1,0,0,0,inactive
625,1,0,0,0,1,0,1,1,2,0,0,0,1,0,0,0,0,1,0,0,0,0,1,0,1,0,0,0,0,0,1,0,0,0,0,0,0,0,0,0,inactive
626,0,0,0,2,0,0,1,0,2,0,0,0,1,0,0,0,0,0,0,0,4,0,1,0,0,0,0,0,0,0,1,0,0,0,0,0,0,0,0,0,inactive
627,0,0,0,0,0,0,1,0,1,1,1,3,0,1,0,0,0,0,0,0,0,0,1,0,0,0,0,0,0,0,1,1,0,0,0,0,1,0,0,0,inactive
628,0,0,1,0,0,0,1,0,0,0,0,0,0,0,0,0,0,0,0,0,4,0,1,1,0,0,0,0,0,0,1,0,0,0,0,2,0,1,0,0,inactive
629,1,0,0,0,0,0,1,0,0,0,0,0,0,1,0,0,0,0,0,0,1,0,1,0,1,0,0,1,0,0,1,0,1,0,0,2,0,0,0,0,inactive
630,1,0,1,0,0,1,1,0,0,0,0,0,0,0,0,0,0,0,0,0,3,0,0,0,1,0,0,0,0,0,1,0,0,0,0,1,0,0,0,0,inactive
631,1,0,1,0,0,0,1,0,1,0,0,0,1,0,0,0,0,0,0,1,0,2,1,0,1,0,0,0,0,0,1,0,0,0,0,1,0,0,0,0,inactive
632,1,0,0,0,0,0,1,1,2,0,0,0,1,1,0,0,0,0,0,0,0,0,1,0,0,0,0,0,0,0,1,0,0,0,0,0,0,0,0,0,inactive
633,1,0,0,1,1,0,1,0,0,0,0,0,1,0,0,0,0,0,0,0,3,1,0,0,1,0,0,0,0,0,1,0,0,0,0,0,0,0,0,0,inactive
634,1,0,1,0,0,0,1,0,1,0,0,0,1,0,0,0,0,0,0,1,1,1,0,0,1,0,0,0,0,0,1,0,0,0,0,0,0,0,0,0,inactive
635,1,0,2,0,0,0,1,1,1,1,0,1,1,0,0,0,0,0,0,0,0,0,0,0,0,0,0,0,0,1,1,0,0,0,0,0,0,0,0,0,inactive
636,0,0,2,0,0,1,1,1,0,0,0,0,0,0,0,0,0,1,0,1,0,1,0,0,0,0,0,0,0,0,1,0,0,0,0,1,1,0,0,0,inactive
637,1,0,0,0,0,1,0,1,2,0,0,0,1,0,0,0,0,0,0,0,0,0,1,1,1,0,0,0,0,0,1,0,0,0,0,0,0,0,0,0,inactive
638,0,0,0,1,0,0,1,1,0,0,0,0,1,1,0,0,0,0,0,0,1,0,1,0,1,0,0,1,0,0,1,0,0,0,0,2,0,0,0,0,inactive
639,1,0,1,0,1,0,1,0,0,0,0,0,1,1,0,0,0,0,0,0,4,0,1,0,1,0,0,0,0,0,0,0,0,0,0,0,0,0,0,0,inactive
640,0,0,0,0,1,0,1,1,0,0,0,0,0,1,0,0,0,0,0,0,3,0,0,0,1,0,0,0,1,0,1,0,0,0,0,1,0,0,0,0,inactive
641,1,0,0,0,1,0,1,1,0,0,0,0,1,1,0,0,0,0,0,0,1,0,1,0,1,0,1,0,0,0,1,0,0,0,0,2,0,0,0,0,inactive
642,0,0,2,0,0,0,1,1,0,0,0,0,0,1,0,0,0,1,0,0,0,1,1,1,0,0,0,0,0,0,1,0,0,0,0,0,0,0,0,0,inactive
643,1,1,0,0,1,0,1,0,0,0,0,0,1,0,0,0,0,0,0,1,0,0,0,0,1,0,0,0,2,0,0,1,0,0,0,0,0,1,0,0,inactive
644,1,0,0,0,0,0,1,0,0,0,0,0,1,0,0,0,0,1,0,0,0,1,1,0,1,0,0,0,0,0,1,0,0,0,0,1,0,0,0,0,inactive
645,1,0,0,0,1,0,1,1,1,0,0,0,1,1,0,0,0,0,0,0,0,0,1,0,1,0,0,0,1,0,1,0,0,0,0,0,0,0,0,0,inactive
646,1,0,0,0,0,1,1,0,0,0,0,0,0,1,0,0,0,0,0,0,3,0,1,0,1,0,0,1,1,0,0,0,0,0,0,0,0,0,0,0,inactive
647,1,0,1,0,0,0,1,0,0,0,0,3,0,0,0,0,0,1,0,0,1,0,1,0,0,0,0,0,0,0,1,0,0,0,0,1,0,0,0,0,inactive
648,1,0,1,0,0,1,1,0,0,0,0,0,0,1,0,0,0,0,0,0,4,1,0,0,1,0,0,0,0,0,1,0,0,0,0,0,0,0,0,0,inactive
649,0,0,0,0,1,0,1,0,0,0,0,1,0,1,0,0,0,0,0,0,3,0,0,0,0,0,0,0,0,0,1,0,0,0,0,1,0,1,0,0,inactive
650,0,0,0,0,0,0,1,0,0,0,0,0,0,0,2,1,0,0,0,0,1,0,1,0,0,0,0,0,0,0,1,0,0,0,0,1,0,0,1,0,active
651,1,0,1,1,0,1,1,0,0,0,0,0,0,0,0,0,0,0,0,0,2,0,1,0,0,0,0,0,0,0,1,0,0,0,1,0,0,0,0,0,active
652,0,0,0,4,0,0,1,0,0,0,0,0,1,0,0,0,0,0,0,0,0,0,1,0,0,0,0,0,0,0,0,0,0,0,0,3,0,1,0,0,active
653,0,1,0,3,2,0,1,0,0,0,0,0,1,0,0,0,0,1,0,0,0,0,0,0,0,1,0,0,0,0,1,0,0,0,0,0,0,1,0,0,active
654,0,0,0,0,0,1,1,0,0,0,0,0,0,1,0,0,0,0,0,0,1,0,1,0,1,0,0,0,0,0,1,1,0,0,0,0,1,0,0,0,active
655,0,0,0,0,0,0,1,0,0,0,0,0,0,0,0,0,0,0,0,0,3,0,1,0,0,0,0,0,0,0,1,0,0,0,0,2,0,0,0,0,active
656,0,0,1,0,1,0,1,1,0,0,0,0,1,0,0,0,0,0,0,0,1,1,1,0,0,0,0,0,1,0,1,0,0,0,0,0,0,0,0,0,active
657,0,2,0,0,0,0,0,0,0,0,0,0,0,0,1,0,2,0,0,0,0,0,1,0,0,0,0,0,0,0,1,0,0,0,0,0,0,0,0,0,active
658,0,0,1,0,0,1,1,0,0,0,0,0,1,1,0,0,2,0,0,0,3,0,0,0,0,0,0,0,0,0,1,0,0,0,0,0,0,0,0,0,active
659,1,0,0,1,0,0,1,0,0,0,0,0,1,0,0,0,0,0,0,0,3,0,1,0,0,0,0,0,0,0,1,0,0,0,1,1,0,0,0,0,active
660,0,0,1,2,0,0,1,0,0,0,0,0,0,0,0,0,2,1,0,0,1,0,1,0,0,0,0,0,0,0,1,0,0,0,0,0,0,0,0,0,active
661,0,0,1,1,0,0,1,0,0,0,0,0,0,1,0,0,0,0,0,0,4,0,1,0,0,0,0,0,0,0,0,0,0,0,0,2,0,0,0,0,active
662,0,0,0,1,0,0,1,0,0,0,0,0,0,1,0,0,0,0,0,0,3,0,1,0,1,0,0,0,0,0,0,0,0,0,0,2,0,0,0,0,active
663,0,0,2,0,0,0,0,0,0,1,1,0,1,1,0,0,0,0,1,0,0,0,1,0,0,0,0,0,0,0,1,0,0,1,0,0,1,0,0,0,active
664,0,0,0,1,0,0,1,0,0,1,1,0,1,1,1,0,0,0,1,0,0,0,0,0,0,0,0,0,0,0,0,0,1,0,0,0,1,0,0,0,active
665,0,0,0,0,0,0,1,1,0,1,1,0,1,1,0,0,0,0,0,0,2,0,1,0,1,0,0,0,0,1,1,0,0,0,0,0,1,0,0,0,active
666,0,2,0,3,0,0,1,0,0,0,0,0,0,0,0,0,0,1,0,0,0,0,0,0,0,1,0,0,0,0,1,0,0,0,0,0,0,1,0,0,active
667,0,1,0,0,0,0,1,0,0,0,0,0,0,0,0,0,0,1,0,0,1,0,0,0,1,0,0,0,0,0,1,0,0,0,0,2,0,1,0,0,active
668,1,0,0,1,0,0,1,1,0,0,0,0,1,0,0,0,0,1,0,0,0,1,1,0,0,0,0,0,0,0,1,0,0,0,0,1,0,0,0,0,active
669,0,0,0,4,0,1,1,0,0,0,0,0,1,0,0,0,0,1,0,0,0,0,0,0,0,0,0,0,1,0,1,0,0,0,0,0,0,0,0,0,active
670,0,1,0,3,0,0,1,0,0,0,0,0,1,1,0,0,0,1,0,0,1,0,0,0,0,0,0,0,0,0,0,0,0,0,0,2,0,1,0,0,active
671,0,0,0,0,0,0,1,0,0,0,0,0,0,1,1,0,0,1,0,0,2,0,1,0,0,0,0,0,0,0,1,0,1,0,0,0,0,0,0,0,active
672,0,2,0,0,0,0,1,0,0,0,0,0,1,0,0,0,0,0,0,0,2,1,1,1,0,0,0,0,0,0,1,0,0,0,0,1,0,0,0,0,active
673,0,0,0,0,0,0,0,0,0,0,0,0,0,0,3,0,1,1,0,0,0,0,1,0,0,0,0,0,0,0,1,0,0,0,0,0,0,0,0,0,active
674,0,1,0,1,0,0,0,0,0,0,0,0,0,0,1,0,0,0,0,0,1,0,0,0,1,1,0,0,0,0,1,0,0,0,0,2,0,1,0,0,active
675,0,0,0,0,0,0,1,0,0,1,1,0,0,1,0,0,0,0,1,0,0,0,1,0,1,0,0,0,0,2,1,0,0,1,0,0,1,0,0,0,active
676,1,0,0,1,0,1,1,0,0,0,0,0,1,0,0,0,0,1,0,0,2,0,1,0,0,0,0,0,0,0,1,0,0,0,0,1,0,0,0,0,active
677,0,1,0,0,0,0,1,0,0,0,0,0,0,0,0,0,0,1,0,0,1,0,0,0,1,0,0,0,0,0,1,0,0,0,0,2,0,1,0,0,active
678,0,0,0,0,0,0,0,0,0,0,0,0,0,1,0,0,0,1,0,1,2,0,0,0,0,0,0,0,0,0,1,0,0,0,0,3,0,1,0,0,active
679,0,0,0,0,0,0,1,0,0,0,0,0,0,1,1,0,0,1,0,0,1,0,1,0,0,0,0,0,0,0,1,0,0,0,0,2,0,0,0,0,active
680,0,0,1,0,0,0,0,0,0,1,1,0,0,0,0,1,0,1,0,0,3,0,0,0,0,0,0,0,0,0,1,0,0,1,0,0,1,0,0,0,active
681,0,0,0,2,0,0,1,0,0,1,0,0,1,0,0,0,0,1,0,0,0,0,1,0,0,1,0,0,1,0,1,0,0,0,0,0,0,0,1,0,active
682,0,0,0,0,0,0,1,0,0,2,1,0,1,0,0,0,0,1,1,0,1,0,0,0,0,0,1,0,0,0,1,0,0,1,0,0,1,0,0,0,active
683,0,1,0,2,0,0,1,0,0,0,0,0,0,0,0,0,0,0,0,0,1,1,1,0,0,0,0,0,0,0,1,0,0,0,0,2,0,1,0,0,active
684,1,0,0,0,0,0,1,0,0,0,0,0,0,0,0,0,0,0,0,0,1,1,1,0,1,0,0,0,0,0,1,0,0,0,0,3,0,0,0,0,active
685,0,0,0,0,0,0,1,0,1,1,1,0,0,1,1,0,0,0,1,0,0,0,1,0,1,0,0,0,0,0,1,0,0,1,0,0,1,0,0,0,active
686,0,0,0,3,0,0,1,0,0,0,0,0,0,0,0,0,0,0,0,0,1,0,1,0,0,0,0,0,0,0,1,0,0,0,1,2,1,0,0,0,active
687,0,2,0,1,0,0,1,0,0,0,0,0,1,0,0,0,0,1,0,0,0,0,0,0,0,0,0,0,0,0,1,0,0,0,0,2,0,1,0,0,active
688,1,0,1,0,0,0,1,0,0,0,0,0,0,1,0,0,0,0,0,0,4,1,0,0,1,0,0,0,0,0,1,0,0,0,0,0,0,0,0,0,active
689,0,0,1,0,0,0,1,0,1,0,0,1,0,0,0,0,2,0,0,0,1,0,1,0,0,0,0,0,0,0,1,1,0,0,0,0,0,0,0,0,active
690,0,0,0,0,1,0,0,0,0,0,0,1,0,0,0,0,0,0,0,0,3,0,0,0,0,0,0,0,0,0,1,0,0,0,0,1,0,1,0,0,inactive
691,0,0,0,1,0,0,1,0,0,0,0,0,1,1,0,0,0,0,0,1,3,0,0,0,0,0,0,0,0,0,0,0,0,0,0,2,0,0,0,0,inactive
692,1,0,1,1,0,0,0,0,0,0,0,0,0,0,0,0,0,1,0,0,1,0,1,0,0,0,0,0,0,0,1,0,0,0,0,1,0,0,0,0,inactive
693,0,0,2,0,0,0,1,0,0,0,0,0,1,0,0,0,0,0,0,0,2,0,1,1,0,0,0,0,0,0,1,0,0,0,0,2,0,0,0,0,inactive
694,0,0,0,1,0,1,1,1,0,0,0,0,1,0,0,0,0,0,0,1,0,0,1,1,0,0,0,0,0,0,1,0,0,0,0,0,0,0,0,0,inactive
695,1,0,0,1,0,0,1,0,0,0,0,0,1,1,0,0,0,0,0,0,4,1,0,0,1,0,0,0,0,0,0,0,0,0,0,0,0,0,0,0,inactive
696,1,0,0,0,0,1,1,1,1,0,0,0,0,0,0,0,0,1,0,0,0,0,1,0,0,0,0,0,0,0,1,0,0,0,0,0,0,0,0,0,inactive
697,0,0,0,0,0,0,1,0,1,0,0,0,1,0,0,0,0,0,0,1,2,0,0,0,0,1,0,0,0,1,1,0,0,0,0,0,0,0,0,0,inactive
698,0,0,0,0,0,0,1,0,1,1,1,1,0,0,0,0,0,0,2,0,1,0,1,0,1,0,0,0,0,0,1,0,0,0,0,0,1,0,0,0,inactive
699,0,0,0,1,0,0,1,0,0,0,0,0,0,0,0,0,0,1,0,0,2,0,0,0,0,0,0,0,1,0,1,1,0,0,0,2,0,1,0,0,inactive
700,0,0,1,0,0,0,1,0,0,0,0,0,0,0,0,0,0,1,0,0,0,0,1,1,0,1,0,0,0,1,1,0,0,0,0,0,0,0,0,0,inactive
701,0,0,0,0,0,0,1,0,0,0,0,0,0,0,0,0,0,1,0,0,3,0,1,0,0,0,0,0,0,0,0,0,0,0,0,2,0,0,0,0,inactive
702,0,0,1,1,0,0,1,0,0,0,0,0,0,0,0,0,0,0,0,0,5,0,1,0,0,0,0,0,0,0,0,0,0,0,0,1,0,0,0,0,inactive
703,0,0,1,0,0,0,1,2,0,0,0,0,0,1,0,0,0,1,0,0,0,0,1,0,0,0,0,0,0,0,1,0,0,0,0,0,0,0,0,0,inactive
704,1,0,0,0,0,0,1,0,0,0,0,0,0,0,0,0,0,0,0,0,2,0,1,0,0,0,0,1,0,0,1,0,0,0,0,3,0,1,0,0,inactive
705,1,2,0,1,1,0,1,0,0,0,0,0,0,0,1,0,0,0,0,0,1,0,1,0,0,0,0,0,0,0,1,0,0,0,0,0,0,0,0,0,inactive
706,0,0,0,2,0,0,0,1,0,0,0,0,1,0,1,0,1,1,0,0,3,0,1,0,0,0,0,0,0,0,0,0,0,0,0,0,0,0,0,0,inactive
707,1,0,0,0,0,0,1,0,0,0,0,0,0,1,0,0,1,1,0,0,3,1,1,0,0,0,0,0,0,0,1,0,0,0,0,0,0,0,0,0,inactive
708,0,0,0,0,0,1,1,0,1,0,0,1,0,1,0,0,0,0,0,0,1,0,1,0,0,0,0,0,1,2,1,0,0,0,0,0,0,0,0,0,inactive
709,1,0,1,1,0,0,1,0,0,0,0,0,1,0,0,0,0,0,0,0,1,0,1,0,1,0,0,0,1,0,1,0,0,0,0,0,0,0,0,0,inactive
710,1,0,0,0,0,1,0,0,0,0,0,0,1,0,0,0,0,0,0,1,1,0,1,0,1,0,0,0,0,0,1,0,0,0,0,3,0,0,0,0,inactive
711,0,0,0,0,0,1,1,1,1,0,0,0,0,1,0,0,0,0,0,0,0,0,0,0,1,0,0,0,0,0,1,0,0,0,0,2,0,0,0,0,inactive
712,1,0,2,0,0,0,1,0,0,0,0,0,0,0,0,0,0,1,0,0,0,0,1,0,0,0,0,1,0,0,0,0,0,0,0,2,0,1,0,0,inactive
713,1,0,1,0,1,0,1,0,0,0,0,0,1,0,0,0,0,0,0,0,2,1,1,0,1,0,0,0,0,0,0,0,0,0,0,0,0,0,0,0,inactive
714,1,0,0,0,0,1,1,2,1,0,0,0,0,0,0,0,0,0,0,0,0,1,1,0,1,0,0,0,0,0,0,0,0,0,0,0,0,0,0,0,inactive
715,0,0,0,0,0,0,0,0,2,0,0,0,1,0,1,0,0,1,0,0,1,0,1,0,0,0,0,0,0,0,1,0,0,0,0,0,0,0,0,0,inactive
716,0,0,1,0,0,0,1,0,0,0,0,0,1,1,0,0,0,0,0,0,2,0,0,0,0,0,0,0,1,0,1,0,0,0,0,1,0,1,0,0,inactive
717,0,0,0,2,0,0,1,0,0,0,0,0,1,0,0,0,0,1,0,0,1,1,1,0,0,0,0,0,0,0,1,0,0,0,0,0,0,0,0,0,inactive
718,0,0,0,2,0,0,0,0,1,0,0,0,1,0,0,0,0,1,0,0,0,0,0,0,0,1,0,0,0,1,1,0,0,0,0,2,0,1,0,0,inactive
719,0,0,1,0,0,1,1,1,0,0,0,0,0,0,0,0,0,1,0,0,3,0,1,0,0,0,1,0,1,0,0,0,0,0,0,0,0,0,0,0,inactive
720,0,1,0,3,0,0,1,0,0,0,0,0,1,0,0,0,0,0,0,0,1,0,1,0,0,0,0,0,0,1,1,0,0,0,0,0,0,0,0,0,active
721,0,1,0,2,0,0,1,0,0,0,0,0,1,0,1,0,0,1,0,0,1,0,1,0,0,0,0,0,0,0,0,0,0,0,0,0,0,0,0,0,active
722,0,0,0,0,0,0,0,0,2,0,0,0,0,0,0,0,0,1,0,0,0,0,0,0,0,0,0,0,0,2,1,0,0,0,0,3,0,0,0,0,active
723,1,0,0,0,1,0,1,0,0,0,0,0,0,1,0,0,0,0,0,0,3,0,1,0,1,1,0,0,0,0,1,0,0,0,0,0,0,0,0,0,active
724,0,0,0,0,0,0,1,0,0,0,0,0,0,1,1,0,0,1,0,0,1,0,1,0,0,0,0,0,0,0,1,0,0,0,0,2,0,0,0,0,active
725,0,0,0,1,0,0,1,0,0,0,0,0,0,0,0,0,0,1,0,0,1,0,1,0,0,0,0,0,0,0,1,0,0,0,0,1,0,0,0,0,active
726,0,0,0,0,0,0,1,0,0,1,1,1,0,1,0,0,0,0,1,0,0,0,1,0,0,0,0,0,0,1,1,0,1,0,0,0,1,0,0,0,active
727,0,0,0,2,0,0,0,0,0,1,1,0,0,1,0,0,0,0,1,0,1,0,0,0,0,0,0,0,0,0,1,0,0,1,0,0,1,0,0,0,active
728,0,1,0,0,0,1,1,0,0,0,0,0,1,0,2,0,0,0,0,0,1,1,0,0,0,0,0,0,0,0,0,0,0,0,0,0,0,0,0,0,active
729,0,0,1,1,0,0,1,0,1,0,0,0,1,0,0,0,2,0,0,0,0,0,1,0,0,0,0,0,1,0,1,0,0,0,0,0,0,0,0,0,active
730,0,1,0,0,0,0,1,1,0,0,0,0,0,1,0,1,0,0,0,0,0,0,1,0,0,0,0,0,0,0,0,0,0,0,0,3,0,0,0,0,active
731,0,0,0,0,0,0,0,0,0,0,0,0,0,1,0,0,0,1,0,0,2,1,1,0,1,0,0,0,0,0,1,0,0,0,0,0,0,0,0,0,active
732,0,0,0,2,0,1,1,0,0,0,0,1,0,0,0,0,0,0,0,0,2,0,0,0,0,0,0,0,1,0,1,0,0,0,0,0,0,0,0,0,active
733,0,0,1,0,0,0,1,0,0,0,0,0,1,0,0,0,0,0,0,0,4,0,0,0,0,0,0,0,0,0,0,0,0,0,0,2,0,0,0,0,active
734,0,0,0,0,0,0,1,0,0,1,1,0,1,1,0,0,0,1,1,0,0,0,0,0,0,0,0,0,0,2,1,0,1,1,0,0,0,0,0,0,active
735,0,0,0,0,0,0,1,0,0,1,1,0,0,1,0,0,0,0,0,0,0,0,1,0,1,0,0,0,0,0,1,0,0,1,0,0,1,0,0,0,active
736,0,0,0,1,0,0,1,1,0,0,0,0,0,1,0,0,1,0,0,0,2,0,1,0,0,0,0,0,0,1,1,0,0,0,1,0,0,0,0,0,active
737,0,0,1,0,0,0,1,0,0,0,0,0,0,1,0,0,0,0,0,0,0,0,1,0,1,0,0,0,1,0,1,0,0,0,0,1,0,0,0,0,active
738,0,0,0,0,0,0,1,0,0,0,0,0,0,1,1,0,0,1,0,0,1,0,1,0,0,0,0,0,0,0,1,0,0,0,0,2,0,0,0,0,active
739,0,0,0,0,0,0,1,0,0,1,0,0,0,1,0,0,0,0,0,1,0,0,1,0,1,0,0,0,0,0,1,0,0,0,0,0,0,0,0,0,active
740,0,0,0,1,0,0,1,0,0,0,0,0,0,0,2,0,0,1,0,0,2,0,1,0,0,0,0,0,0,0,1,0,0,0,0,1,0,0,0,0,active
741,0,0,0,3,0,0,1,0,0,0,0,0,0,0,0,0,0,1,0,0,0,0,1,0,0,0,0,0,0,0,1,0,0,0,0,3,0,1,0,0,active
742,0,1,0,0,0,0,1,0,0,1,0,0,0,0,0,1,0,0,0,0,0,0,1,0,0,0,0,0,0,0,1,1,0,0,0,0,0,0,0,0,active
743,0,2,0,0,0,0,1,0,0,0,0,1,0,0,0,0,0,0,0,0,2,0,0,1,0,0,0,0,0,0,1,0,0,0,0,0,0,1,0,0,active
744,0,0,0,0,0,0,1,0,0,0,0,0,0,0,0,0,0,1,0,1,0,0,1,0,0,0,0,0,0,0,1,0,0,0,0,3,0,0,1,0,active
745,0,0,1,0,0,0,1,0,0,1,1,0,1,0,0,0,0,0,1,0,0,0,0,0,0,0,0,0,0,0,1,0,0,1,0,0,1,1,0,0,active
746,0,0,0,1,0,0,0,0,2,1,0,1,1,0,0,0,0,0,0,0,0,0,0,0,1,0,0,0,0,1,1,0,0,0,0,0,1,0,0,0,active
747,0,0,1,1,0,0,1,1,0,0,0,0,0,0,0,0,2,1,0,0,0,0,1,0,0,0,0,0,0,0,1,0,0,0,0,0,0,0,0,0,active
748,0,0,0,0,0,0,1,0,0,0,0,0,0,0,2,0,0,1,0,0,0,0,1,0,0,0,0,0,0,0,1,0,0,0,0,3,0,0,1,0,active
749,1,0,0,0,0,0,1,1,0,0,0,0,0,0,0,0,2,1,0,0,2,0,1,0,0,0,0,0,0,0,1,0,0,0,0,0,0,0,0,0,active
750,0,0,0,0,0,0,0,0,0,1,0,0,0,0,0,1,2,1,0,0,0,0,1,0,0,0,0,0,0,0,1,0,0,0,0,0,0,0,0,0,active
751,0,0,1,0,0,0,1,0,0,0,0,0,1,0,0,0,0,0,0,0,1,0,1,0,0,0,0,0,2,0,1,1,0,0,0,0,0,0,0,0,active
752,0,0,0,2,0,0,1,0,0,0,0,0,1,0,1,0,0,0,0,0,1,0,1,0,0,0,0,0,0,0,0,0,0,0,0,2,0,0,0,0,active
753,1,0,0,0,0,0,0,0,0,0,0,0,0,0,0,0,0,0,0,0,2,0,0,0,1,0,0,0,0,0,1,0,0,0,0,3,0,0,0,0,active
754,0,0,0,2,0,0,1,0,0,0,0,1,1,0,0,0,0,1,0,0,2,1,1,0,0,0,0,0,0,0,0,0,0,0,0,0,0,0,0,0,active
755,1,0,0,0,0,0,0,0,0,0,0,0,1,0,0,0,0,1,0,0,1,0,1,0,1,0,0,0,0,0,1,0,0,0,0,3,0,0,0,0,active
756,0,1,0,2,0,0,1,0,0,0,0,0,1,0,0,0,0,1,0,0,0,0,0,0,0,0,0,0,0,0,1,0,0,0,0,0,0,0,1,0,active
757,0,0,0,2,0,0,1,0,0,0,0,0,0,1,0,0,0,0,0,0,3,0,1,0,0,0,0,0,0,0,1,0,0,0,0,0,0,0,0,0,active
758,0,0,0,0,0,0,1,0,0,1,1,0,1,1,1,0,0,0,1,0,0,0,1,0,0,0,0,0,0,1,1,0,0,0,0,0,1,0,0,0,active
759,0,0,0,0,0,0,0,0,1,1,0,1,1,0,0,0,0,0,0,0,0,0,1,0,0,0,0,0,0,0,0,1,0,0,0,2,1,0,0,0,active
760,0,0,0,0,0,1,1,0,0,2,1,0,0,1,0,0,0,0,1,0,0,0,1,0,1,0,0,0,0,0,1,0,0,1,0,0,1,0,0,0,active
761,0,0,1,0,0,0,0,1,0,1,1,0,0,0,0,1,0,0,0,0,0,0,0,0,0,0,0,0,0,1,1,0,0,1,0,0,1,0,0,0,active
762,0,0,0,0,1,0,1,1,0,0,0,0,1,0,0,0,0,0,0,0,1,1,1,0,0,0,0,0,1,0,0,1,0,0,0,0,0,0,0,0,active
763,0,0,0,0,0,0,1,0,0,0,0,0,0,0,0,0,0,1,0,0,1,0,1,0,0,0,0,0,0,0,1,0,0,0,1,1,0,0,0,0,active
764,1,0,0,0,0,1,1,0,0,0,0,0,1,0,0,0,0,0,0,1,2,0,1,0,1,0,0,0,0,0,1,0,0,0,0,0,0,0,0,0,inactive
765,0,0,0,1,1,0,1,0,0,0,0,1,1,0,0,0,0,0,0,0,2,0,1,0,0,0,0,0,1,0,1,0,0,0,0,0,0,0,0,0,inactive
766,0,0,0,2,0,0,1,0,0,0,0,0,1,0,0,0,0,1,0,1,1,0,1,0,0,0,0,0,0,0,1,0,0,0,1,0,0,0,0,0,inactive
767,0,0,1,1,0,0,1,0,0,0,0,0,1,0,0,0,0,0,0,0,3,0,1,0,0,1,0,0,1,0,1,0,0,0,0,0,0,0,0,0,inactive
768,0,0,0,1,0,0,1,0,1,0,0,0,0,1,1,0,0,0,0,1,0,0,1,0,0,0,0,0,0,0,1,0,0,0,0,1,0,0,0,0,inactive
769,0,0,0,0,0,0,1,0,0,0,0,0,1,1,0,0,0,1,0,0,1,0,1,1,0,0,0,0,0,0,1,0,0,0,0,0,0,0,0,0,inactive
770,0,0,0,0,0,0,1,0,0,0,0,0,0,0,0,0,0,1,0,1,0,0,1,0,0,0,0,0,0,0,1,0,0,0,0,1,0,0,0,0,inactive
771,0,0,1,2,0,0,0,0,0,0,0,0,1,0,0,0,0,0,0,0,1,1,0,0,0,0,0,0,0,0,1,0,0,0,0,3,1,0,0,0,inactive
772,0,0,0,0,0,0,1,0,0,0,0,0,1,1,0,0,0,0,0,0,3,0,0,0,1,0,0,0,0,0,0,0,0,0,0,2,0,1,0,0,inactive
773,1,0,0,0,0,0,1,0,0,0,0,0,0,1,0,0,0,0,0,1,1,0,1,0,0,0,0,1,0,0,1,0,0,0,0,1,0,0,0,0,inactive
774,1,0,0,0,1,0,1,0,0,0,0,0,1,0,0,0,0,0,0,0,4,0,0,1,1,0,0,0,0,0,0,0,0,0,0,0,0,0,0,0,inactive
775,1,0,1,0,0,0,1,0,0,0,0,0,1,0,0,0,0,0,0,0,1,0,1,0,0,0,0,0,0,0,1,0,0,0,0,0,0,0,0,0,inactive
776,0,0,0,0,0,0,1,0,1,0,0,0,0,1,0,0,0,0,0,1,1,0,0,0,1,1,0,0,0,0,1,0,0,0,0,2,0,0,0,0,inactive
777,1,0,0,0,1,0,1,0,0,0,0,0,0,0,0,0,0,0,0,0,3,0,1,0,0,0,0,0,0,0,0,0,0,0,0,3,0,0,0,0,inactive
778,0,2,0,1,1,0,1,1,0,0,0,0,0,0,0,0,0,1,0,0,0,0,0,0,0,1,0,0,0,0,0,0,0,0,0,0,0,0,0,0,inactive
779,0,0,0,0,0,0,1,1,0,0,0,0,0,1,0,0,0,1,0,0,0,1,1,0,0,1,0,0,0,0,0,0,0,0,0,0,0,0,0,0,inactive
780,1,0,0,0,0,0,1,0,0,0,0,0,1,0,0,0,0,0,0,0,1,0,0,0,0,1,0,0,0,0,0,0,0,0,0,0,0,1,0,0,inactive
781,0,0,0,0,1,0,1,0,1,1,0,0,0,0,0,0,0,0,0,0,2,0,0,0,0,0,0,0,0,0,1,0,0,1,0,2,1,0,0,0,inactive
782,1,0,1,0,0,0,1,0,0,1,1,1,1,0,0,0,0,0,0,0,0,0,1,0,0,0,0,0,0,0,1,0,0,0,0,0,0,0,0,0,inactive
783,1,0,1,0,0,0,1,0,0,0,0,0,1,1,0,0,0,0,0,0,3,0,1,0,1,0,0,0,0,0,1,0,0,0,0,0,0,0,0,0,inactive
784,1,0,0,1,1,0,1,1,0,0,0,0,0,0,0,0,0,0,0,0,1,0,1,0,0,0,1,0,1,0,0,0,0,0,0,1,0,0,0,0,inactive
785,1,0,0,0,1,0,1,1,1,0,0,0,1,0,0,0,0,0,0,0,0,0,0,0,1,0,0,0,0,0,1,0,0,0,0,0,0,0,0,0,inactive
786,1,0,0,0,0,0,1,1,1,0,0,0,1,0,0,0,0,0,0,1,2,0,1,0,0,0,0,0,0,0,1,0,0,0,0,0,0,0,0,0,inactive
787,0,0,0,0,0,0,1,0,0,0,0,0,0,1,0,0,0,1,0,0,3,0,0,0,1,1,0,0,0,0,0,1,0,0,0,1,0,1,0,0,inactive
788,1,0,0,0,0,0,1,0,0,0,0,0,1,0,0,0,0,0,0,0,1,0,1,0,0,1,0,0,0,1,1,0,0,0,0,2,0,0,0,0,inactive
789,0,1,2,0,0,0,1,0,0,0,0,0,1,0,0,0,0,0,0,0,0,0,1,0,0,1,0,0,0,0,0,0,0,0,0,2,0,0,0,0,active
790,0,0,0,1,0,0,1,0,0,0,0,0,0,0,2,0,0,0,0,0,1,0,1,0,0,0,0,0,0,0,1,0,0,0,0,1,0,0,0,0,active
791,0,0,0,2,0,0,1,0,0,0,0,0,0,0,0,0,1,1,0,0,0,0,1,0,0,0,0,0,0,1,1,0,0,0,1,0,0,0,0,0,active
792,0,0,0,0,1,0,1,0,0,1,0,0,0,0,0,1,0,0,0,0,2,0,1,0,0,0,0,0,0,0,0,0,0,0,0,2,1,0,1,0,active
793,0,0,0,0,0,0,1,0,0,0,0,0,1,0,1,0,0,1,0,0,1,0,1,0,0,0,0,0,0,0,1,0,0,0,0,1,0,0,0,0,active
794,0,0,0,0,0,0,1,0,0,0,0,0,0,0,1,0,0,1,0,0,1,0,1,0,0,0,0,0,0,0,1,0,0,0,0,1,0,0,0,0,active
795,0,0,0,0,0,0,1,0,0,0,0,0,0,0,1,0,0,0,0,0,1,0,1,0,0,0,0,0,0,0,1,0,0,0,0,1,0,1,0,0,active
796,0,0,0,0,0,0,1,0,0,2,1,0,0,1,0,0,0,0,0,0,1,0,1,0,0,0,0,0,0,0,1,0,0,1,0,0,0,0,0,0,active
797,0,0,2,0,0,0,1,0,1,0,0,0,1,0,0,0,2,0,0,0,0,0,1,0,0,1,0,0,0,0,1,0,0,0,0,0,0,0,0,0,active
798,0,0,0,1,0,0,1,0,0,0,0,0,0,0,2,0,1,1,0,0,1,0,1,0,0,0,0,0,0,0,1,0,0,0,0,0,0,0,0,0,active
799,0,0,1,0,0,0,1,1,0,0,0,0,0,0,0,0,0,0,0,1,2,0,1,0,0,0,0,0,0,0,1,0,0,0,0,0,0,0,0,0,active
800,0,1,0,1,0,0,1,1,0,0,0,0,1,0,0,0,0,0,0,0,0,0,1,0,0,0,0,0,0,0,1,0,0,0,0,2,0,0,0,0,active
801,0,0,0,2,0,0,1,0,0,0,0,0,0,0,0,0,0,1,0,1,1,0,1,0,0,0,0,0,0,0,1,0,0,0,0,1,0,0,0,0,active
802,0,0,1,0,1,0,0,1,0,0,0,0,1,0,0,0,0,0,0,0,1,0,1,0,1,0,0,0,0,0,1,0,0,0,0,0,0,0,0,0,active
803,0,0,0,0,0,0,1,1,0,0,0,0,0,0,0,0,0,1,0,1,0,1,0,0,0,0,0,0,0,0,1,0,0,0,0,0,0,0,0,0,active
804,0,0,1,0,1,0,1,0,0,0,0,0,1,0,0,0,0,0,0,0,3,0,0,0,0,0,0,0,1,0,1,0,0,0,0,0,0,0,0,0,active
805,0,0,1,1,0,0,1,0,0,0,0,0,0,1,1,0,1,0,0,0,0,0,0,0,1,0,0,0,0,0,0,1,0,0,1,0,0,0,0,0,active
806,0,0,1,1,0,0,0,0,0,0,0,0,0,0,0,0,0,0,0,0,3,0,1,0,0,0,0,0,0,0,0,0,0,0,0,2,0,0,0,0,active
807,0,0,0,2,0,0,1,0,1,0,0,0,1,0,0,0,0,0,0,0,0,0,0,0,0,0,0,0,0,1,1,0,0,0,0,2,0,0,1,0,active
808,0,0,0,4,0,0,1,0,0,0,0,0,1,1,0,0,0,1,0,0,2,0,0,0,0,0,0,0,0,0,1,0,0,0,0,0,0,0,0,0,active
809,0,0,0,1,0,0,1,0,0,0,0,0,0,1,1,0,0,0,0,0,1,0,0,0,1,1,0,0,0,0,1,0,0,0,0,0,0,0,0,0,active
810,0,0,0,0,0,0,0,0,1,1,1,0,0,0,0,0,0,0,0,0,0,0,1,0,0,1,0,0,0,1,1,1,0,1,0,0,0,0,0,0,active
811,0,0,0,0,0,0,1,0,2,0,0,0,0,1,0,0,1,0,0,1,0,0,1,0,0,0,0,0,0,0,1,0,0,0,0,0,0,0,0,0,active
812,0,0,1,0,0,0,0,0,0,1,1,0,0,1,0,0,0,0,1,0,0,0,0,0,0,0,0,0,0,0,1,0,0,1,0,0,0,0,0,0,active
813,0,0,0,1,0,0,1,0,0,0,0,0,0,0,1,0,1,0,0,0,3,0,1,0,0,0,0,0,0,0,1,0,0,0,1,0,0,0,0,0,active
814,0,0,0,3,0,0,1,0,0,0,0,0,1,0,0,0,0,0,0,0,1,0,1,0,0,0,0,0,0,0,1,0,0,0,0,1,0,0,0,0,active
815,0,0,0,0,0,0,0,1,0,0,0,0,0,1,0,0,0,1,0,0,0,0,0,0,1,0,0,0,0,0,1,0,0,0,0,0,0,0,0,0,active
816,0,0,0,0,0,0,0,0,0,0,0,0,1,0,0,0,0,0,0,0,4,0,0,0,0,0,0,0,0,0,0,0,0,0,0,1,0,0,0,0,active
817,0,1,0,0,0,0,1,0,0,0,0,0,0,1,1,0,0,1,0,0,1,0,0,0,0,0,0,0,0,0,0,0,0,0,0,1,0,1,0,0,active
818,0,0,0,2,0,0,1,0,0,0,0,0,0,0,2,0,0,0,0,0,1,0,1,0,0,0,0,0,0,0,1,0,0,0,0,1,0,0,0,0,active
819,0,0,0,1,0,0,1,0,0,0,0,0,0,0,0,0,1,0,0,0,1,0,1,0,0,0,0,0,0,0,0,0,0,0,1,1,0,0,0,0,active
820,0,0,0,1,0,0,0,0,0,0,0,0,0,0,0,0,0,1,0,0,1,0,1,0,0,0,0,0,0,0,1,0,0,0,1,2,0,0,0,0,active
821,0,0,0,1,0,0,1,0,0,0,0,0,0,0,0,0,0,0,0,0,1,0,1,1,0,1,0,0,1,1,0,0,0,0,0,0,0,0,0,0,active
822,0,0,0,1,0,0,1,0,0,0,0,0,0,0,0,0,0,1,0,0,1,0,1,0,0,0,0,0,0,0,1,0,0,0,0,2,0,0,0,0,active
823,0,0,0,0,0,1,0,1,0,0,0,0,0,0,0,0,0,0,0,0,3,0,1,0,1,0,0,0,0,0,1,0,0,0,0,0,0,0,0,0,active
824,0,1,0,0,0,0,1,0,0,0,0,0,0,0,0,0,0,0,0,0,1,0,1,0,1,0,0,0,0,0,1,0,0,0,0,2,0,1,0,0,active
825,0,1,0,2,0,0,0,0,0,1,0,1,1,0,0,0,0,0,0,0,0,0,1,0,0,0,0,0,0,1,1,0,0,0,0,2,0,0,0,0,active
826,0,0,0,0,0,0,0,0,0,1,0,0,0,0,0,0,1,1,0,0,0,0,1,0,0,0,0,0,1,1,1,0,0,0,1,0,0,0,0,0,active
827,0,0,0,2,0,0,1,0,1,0,0,0,0,0,0,0,0,0,0,0,0,0,1,0,0,1,0,0,0,1,1,0,0,0,0,2,0,1,0,0,active
828,0,0,0,2,0,0,1,0,0,0,0,0,0,1,0,0,0,0,0,0,2,0,1,0,0,0,0,0,0,0,1,0,0,0,0,0,1,0,0,0,active
829,0,0,0,3,0,0,1,0,0,0,0,0,1,0,0,0,0,0,0,0,1,0,1,0,0,0,0,0,0,0,1,0,0,0,0,1,0,0,0,0,active
830,0,0,0,0,0,0,1,0,0,0,0,0,0,0,0,0,0,1,0,0,1,0,1,0,0,0,0,0,0,0,1,0,0,0,0,1,0,0,0,0,active
831,0,0,0,2,0,1,1,0,0,0,0,1,0,0,0,0,0,0,0,0,2,0,0,0,0,0,0,0,1,0,1,0,0,0,0,0,0,0,0,0,active
832,1,0,1,0,0,0,1,0,0,0,0,0,0,0,0,0,0,0,0,0,1,0,0,0,1,0,0,0,0,0,1,0,1,0,0,0,0,0,0,0,active
833,1,0,0,0,0,0,1,0,0,0,0,0,0,1,0,0,0,0,0,0,1,0,1,0,1,0,0,1,0,1,1,0,0,0,0,0,0,1,0,0,active
834,0,1,0,0,0,0,1,0,0,0,0,0,0,0,0,0,0,1,0,0,0,0,1,0,0,0,0,0,0,0,1,0,0,0,0,2,0,1,0,0,active
835,0,0,1,1,0,0,1,0,1,0,0,0,0,0,0,0,2,0,0,0,0,0,1,0,0,1,0,0,0,0,1,0,0,0,0,0,0,0,0,0,active
836,1,0,1,0,0,0,1,0,0,0,0,0,0,1,0,0,0,0,0,0,3,0,0,0,1,0,0,0,0,0,1,0,0,0,0,0,0,0,0,0,active
837,0,0,1,1,0,0,1,0,0,0,0,0,1,0,0,0,0,0,0,0,0,1,1,0,0,0,0,0,2,0,1,0,0,0,0,0,0,0,0,0,inactive
838,0,0,0,0,0,1,1,1,1,0,0,0,0,0,0,0,0,0,0,0,4,0,0,0,0,0,0,0,0,0,0,0,0,0,0,0,0,0,0,0,inactive
839,0,0,0,0,0,1,1,0,0,0,0,0,1,0,0,0,0,0,0,0,3,0,1,0,0,0,0,0,1,0,0,0,0,0,0,0,0,0,0,0,inactive
840,0,0,2,0,0,0,1,0,1,0,0,0,1,0,1,0,0,0,0,0,0,0,0,0,0,0,0,0,0,1,1,0,0,0,0,0,0,0,0,0,inactive
841,0,0,1,0,1,0,1,2,0,0,0,0,0,0,0,0,2,0,0,0,0,0,1,0,0,0,0,0,0,0,1,0,0,0,0,0,0,0,0,0,inactive
842,0,0,1,0,0,0,1,0,0,0,0,0,0,0,0,0,0,1,0,0,0,0,0,0,0,0,0,0,0,0,1,0,0,0,0,3,0,1,0,0,inactive
843,1,0,0,0,0,0,0,0,0,0,0,0,1,0,0,0,0,0,0,0,4,0,0,0,1,0,0,0,0,0,1,0,0,0,0,0,0,0,0,0,inactive
844,0,0,0,2,1,0,1,0,0,0,0,1,1,0,0,0,0,0,0,0,4,0,0,1,0,0,0,0,0,0,0,0,0,0,0,0,0,0,0,0,inactive
845,0,0,0,0,0,0,0,0,0,1,1,0,0,1,0,0,0,0,1,0,1,0,1,0,0,0,0,0,0,1,1,0,0,0,1,0,1,0,0,0,inactive
846,0,1,1,2,0,0,1,0,0,0,0,0,0,1,0,0,0,0,0,0,0,0,0,0,1,0,0,0,0,0,1,0,0,0,0,0,0,0,0,0,inactive
847,0,0,0,0,0,0,1,1,0,1,1,0,0,0,0,0,0,0,1,0,0,1,1,0,0,0,0,0,0,0,0,0,0,1,0,0,1,0,0,0,inactive
848,1,0,0,0,0,0,1,1,0,1,0,0,1,0,0,0,0,0,0,0,0,0,0,0,0,0,0,0,0,0,0,0,0,0,0,0,0,0,0,0,inactive
849,1,0,0,0,0,1,1,0,0,1,1,0,0,0,0,0,0,0,0,1,0,0,0,0,0,0,0,0,0,0,0,0,0,1,0,0,1,0,0,0,inactive
850,0,0,0,2,0,0,1,0,0,0,0,0,1,1,0,0,0,0,0,0,2,0,1,0,1,0,0,0,0,0,1,0,0,0,0,0,0,0,0,0,inactive
851,0,0,1,1,0,0,1,0,0,0,0,0,1,0,0,0,0,0,0,1,0,0,1,0,1,0,0,0,0,0,1,0,0,0,0,1,0,0,0,0,inactive
852,0,0,0,0,1,0,1,0,0,1,0,1,1,0,0,0,0,0,0,0,2,0,0,0,0,0,0,0,0,0,0,0,0,0,0,0,1,0,0,0,inactive
853,0,0,1,1,0,0,1,0,2,0,0,0,0,0,0,0,0,0,0,0,1,0,0,0,0,0,0,0,0,0,1,1,0,0,0,1,0,0,0,0,inactive
854,0,0,1,0,0,0,1,1,0,0,0,0,0,0,0,0,0,1,0,0,0,0,0,1,0,0,0,0,0,0,0,0,0,0,0,1,0,0,0,0,inactive
855,1,0,0,0,0,0,1,0,1,0,0,0,0,1,0,0,0,0,0,0,0,0,0,0,1,0,0,0,1,0,1,0,0,0,0,1,0,0,0,0,inactive
856,1,0,0,0,0,1,1,0,0,0,0,1,0,1,0,0,0,0,0,0,1,0,0,0,1,0,0,0,0,0,1,0,0,0,0,0,0,0,0,0,inactive
857,1,0,0,0,1,0,1,0,0,0,0,0,0,1,0,0,0,0,0,0,2,0,1,0,0,0,0,0,0,0,1,0,0,0,0,0,0,0,0,0,inactive
858,0,0,0,0,1,0,1,0,0,0,0,0,0,0,0,0,0,0,0,0,3,0,1,0,0,0,0,0,0,0,1,0,0,0,0,2,0,0,0,0,inactive
859,0,0,0,1,1,0,1,0,0,0,0,0,0,0,0,0,0,0,0,0,1,0,0,0,0,0,0,0,0,1,1,0,0,0,1,0,0,0,0,0,inactive
860,0,0,2,0,0,0,1,2,0,0,0,0,0,0,0,0,0,0,0,1,0,0,1,0,0,0,0,0,0,0,1,0,0,0,0,0,0,0,0,0,active
861,1,0,0,0,1,0,1,1,0,0,0,0,1,0,0,0,0,0,0,0,0,0,1,0,1,0,0,0,0,0,1,0,0,0,0,0,0,0,0,0,active
862,0,0,0,1,0,0,1,0,0,0,0,0,0,0,0,0,0,1,0,0,1,0,1,0,0,0,0,0,0,0,1,0,0,0,0,1,0,0,0,0,active
863,0,0,0,2,0,0,0,0,0,1,1,1,1,0,0,0,0,0,0,0,0,0,0,0,0,0,0,0,0,1,1,0,0,0,0,0,1,0,0,0,active
864,0,0,0,0,0,0,1,0,0,0,0,0,0,0,0,0,0,1,0,0,1,0,1,0,0,0,0,0,0,0,1,0,0,0,0,1,0,1,0,0,active
865,0,1,0,0,0,0,1,0,0,0,0,0,0,1,0,0,0,1,0,0,1,1,0,0,0,0,0,0,0,0,1,0,0,0,0,0,0,0,0,0,active
866,0,0,0,0,0,0,1,0,2,0,0,0,0,0,0,0,2,1,0,0,0,0,0,0,0,0,0,0,0,0,1,0,0,0,0,0,0,0,0,0,active
867,0,0,1,1,0,0,1,0,0,0,0,0,0,0,1,0,2,0,0,0,0,0,1,0,0,0,0,0,0,0,1,0,0,0,0,0,0,0,0,0,active
868,0,0,0,0,0,0,1,0,2,0,0,0,1,0,0,0,2,0,0,0,0,0,1,0,0,0,0,0,0,0,1,0,0,0,0,0,0,0,0,0,active
869,0,0,0,2,0,0,1,0,1,1,0,0,0,0,0,0,0,0,0,0,1,0,0,0,0,0,0,0,0,2,1,0,0,0,0,0,0,0,1,0,active
870,0,0,1,1,0,0,1,0,1,0,0,0,0,0,0,0,2,0,0,0,0,0,1,0,0,0,0,0,1,0,1,0,0,0,0,0,0,0,0,0,active
871,0,0,1,1,0,0,1,0,1,0,0,0,0,0,0,0,1,0,0,0,1,0,1,0,0,0,0,0,0,0,1,0,0,0,0,0,0,0,0,0,active
872,0,0,0,0,0,0,1,0,0,0,0,0,0,0,0,0,0,1,0,0,1,0,1,0,0,0,0,0,0,0,1,0,0,0,0,2,0,0,0,0,active
873,0,0,1,1,0,0,1,0,0,0,0,0,0,0,0,0,0,0,0,0,4,0,1,0,0,0,0,0,0,0,0,0,0,0,0,2,0,0,0,0,active
874,0,0,0,3,0,0,1,0,0,0,0,0,1,0,0,0,0,0,0,0,1,0,1,0,0,0,0,0,0,0,1,0,0,0,0,1,0,0,0,0,active
875,0,0,0,0,0,0,1,0,0,0,0,0,0,0,0,0,0,1,0,1,1,0,1,0,0,0,0,0,0,0,1,0,0,0,0,1,0,1,0,0,active
876,1,0,1,1,0,0,1,0,0,0,0,0,0,0,0,0,1,0,0,0,0,0,1,0,0,0,0,0,0,0,1,0,0,0,1,0,0,0,0,0,active
877,0,0,0,0,1,0,1,1,0,0,0,0,0,0,0,0,1,1,0,0,1,0,0,0,0,0,0,0,0,0,0,0,0,0,0,0,0,0,0,0,active
878,0,0,0,1,0,0,1,0,0,0,0,0,1,0,0,0,0,0,0,0,2,0,1,0,0,0,0,0,0,0,1,0,0,0,0,1,0,0,0,0,active
879,0,0,0,0,0,0,1,0,0,0,0,0,0,0,2,0,0,1,0,0,1,0,0,0,0,0,0,0,0,0,1,0,0,0,0,2,0,0,0,0,active
880,0,0,0,0,0,0,1,0,0,0,0,1,1,0,0,0,2,0,0,0,0,0,1,0,0,0,0,0,0,0,1,0,0,0,0,0,0,0,0,0,active
881,1,0,0,0,0,1,1,1,0,0,0,0,0,0,0,0,0,0,0,0,3,0,1,0,0,0,0,0,0,0,0,0,0,0,0,0,0,0,0,0,active
882,0,0,0,0,0,0,0,0,0,1,1,0,0,0,0,0,0,0,0,0,1,0,1,0,0,0,0,0,0,1,1,0,0,1,1,0,1,0,0,0,active
883,0,0,0,0,0,0,0,0,0,0,0,0,0,0,0,0,1,0,0,0,1,0,1,0,0,0,0,0,0,0,1,0,0,0,1,2,0,0,0,0,active
884,0,0,0,1,0,0,1,0,0,0,0,0,0,0,0,0,0,1,0,0,0,0,1,0,0,0,0,0,0,0,1,0,0,0,0,3,0,1,0,0,active
885,0,0,0,3,0,0,1,0,0,0,0,0,1,0,0,0,0,0,0,0,1,0,0,0,0,0,0,0,0,0,1,0,0,0,0,1,0,0,0,0,active
886,0,0,1,1,0,0,1,0,0,0,0,1,0,0,0,0,1,0,0,0,0,0,1,0,0,0,0,0,0,0,1,0,0,0,1,0,0,0,0,0,active
887,0,0,1,0,0,0,0,0,2,0,0,0,1,1,0,0,0,0,0,0,0,0,0,0,0,0,0,0,0,1,1,0,0,0,0,0,0,0,0,0,active
888,0,0,1,0,0,0,1,2,0,0,0,0,0,0,0,0,1,0,0,0,0,0,1,0,0,0,0,0,0,0,0,0,0,0,0,0,0,0,0,0,active
889,0,0,0,0,0,0,1,0,0,0,0,0,0,0,1,0,0,1,0,0,1,0,1,0,0,0,0,0,0,0,1,0,0,0,0,1,0,0,0,0,active
890,0,0,0,0,0,0,0,0,0,1,1,0,0,1,0,0,0,0,0,0,0,0,0,0,0,0,0,0,0,0,1,1,0,1,0,0,1,0,0,0,active
891,0,0,0,0,0,0,1,0,0,0,0,0,0,0,0,0,0,1,0,1,1,0,1,0,1,0,0,0,0,0,1,0,0,0,0,0,0,0,0,0,active
892,0,1,1,0,0,0,0,0,1,0,0,1,0,0,0,0,2,0,0,0,0,0,0,0,0,0,0,0,0,0,1,0,0,0,0,0,1,0,0,0,active
893,0,0,0,0,0,0,1,0,0,0,0,0,0,0,0,0,0,1,0,0,2,0,1,0,0,0,0,0,0,0,1,0,0,0,1,0,0,0,0,0,active
894,0,0,0,0,0,0,1,0,0,1,0,0,0,0,0,1,0,1,0,0,1,0,1,0,0,0,0,0,0,0,1,0,0,0,0,0,0,0,1,0,active
895,0,1,0,0,0,0,1,0,0,0,0,0,1,0,0,0,0,1,0,0,1,0,1,0,0,0,0,0,0,0,1,0,0,0,0,0,0,0,0,0,active
896,0,0,0,1,0,0,1,0,0,0,0,0,0,0,1,0,0,0,0,0,2,0,0,0,0,0,0,0,0,0,1,0,0,0,0,1,0,0,0,0,active
897,0,0,1,0,0,0,1,0,0,0,0,0,0,0,0,0,0,0,0,0,3,0,1,0,1,0,0,0,0,0,1,0,0,0,0,0,0,0,0,0,active
898,0,0,1,1,0,0,1,0,0,0,0,0,1,0,0,0,0,0,0,0,1,1,1,1,0,0,0,0,0,0,1,0,0,0,0,0,0,0,0,0,inactive
899,0,0,0,0,0,0,1,0,1,0,0,0,1,1,0,0,0,0,0,0,0,0,1,0,1,0,0,0,0,0,1,0,0,0,0,2,0,0,0,0,inactive
900,1,0,0,1,0,0,1,0,0,0,0,0,1,0,0,0,0,1,0,0,3,0,0,0,0,0,0,0,0,0,0,0,0,0,0,0,0,0,0,0,inactive
901,0,0,0,0,0,0,1,1,1,0,0,0,1,0,0,0,0,0,0,0,0,0,0,0,0,0,0,0,1,0,0,1,0,0,0,1,0,1,0,0,inactive
902,0,0,0,0,0,0,1,2,0,0,0,0,0,0,0,0,0,0,0,0,0,2,1,0,0,0,0,0,0,0,0,0,0,0,0,0,1,0,0,0,inactive
903,0,0,0,1,1,0,1,0,0,0,0,0,0,1,0,0,0,0,0,0,1,0,0,0,0,0,0,0,0,1,1,0,1,0,0,2,0,0,0,0,inactive
904,0,0,0,0,0,0,0,0,0,0,0,0,0,0,1,0,0,1,0,0,0,0,1,0,0,0,0,0,0,0,1,0,0,0,0,4,0,0,0,0,inactive
905,1,0,0,0,0,0,1,0,0,0,0,0,0,1,0,0,0,1,0,0,0,0,1,0,1,0,0,0,0,1,1,0,0,0,0,1,0,0,0,0,inactive
906,0,0,1,1,0,0,1,1,0,0,0,0,0,0,0,0,0,0,0,0,2,0,1,0,0,0,0,0,0,1,0,0,0,0,0,1,0,0,0,0,inactive
907,0,0,0,0,0,0,1,0,0,1,1,1,1,1,0,0,0,0,0,0,0,0,1,0,0,0,0,0,0,0,1,0,0,0,0,0,0,0,0,0,inactive
908,0,0,0,0,0,0,1,0,0,0,0,0,0,1,0,0,0,0,0,0,3,0,1,0,1,0,0,0,0,0,0,0,0,0,0,0,0,0,0,0,inactive
909,0,0,1,1,0,0,1,0,0,0,0,0,1,0,0,0,0,0,0,0,1,1,1,0,0,0,0,0,0,0,0,0,0,0,0,2,0,0,0,0,inactive
910,0,0,0,1,0,0,0,0,0,0,0,0,1,0,0,0,0,0,0,0,5,0,0,0,0,0,0,0,0,0,0,0,0,0,0,0,0,0,0,0,inactive
911,0,0,1,1,0,0,1,0,0,0,0,0,1,0,0,0,0,0,0,0,2,0,1,0,0,0,0,0,0,0,1,0,0,0,0,0,0,0,0,0,inactive
912,1,0,0,1,0,0,1,0,0,0,0,0,1,0,0,0,0,0,0,0,2,0,1,0,0,0,0,0,0,0,0,0,0,0,1,2,0,0,0,0,inactive
913,0,0,1,1,0,0,1,0,0,0,0,1,1,0,0,0,0,0,0,0,0,0,1,0,0,0,0,0,1,0,1,0,0,0,0,0,0,0,0,0,inactive
914,0,0,1,0,0,0,1,0,0,0,0,0,1,0,0,0,0,1,0,0,1,0,1,0,0,0,0,0,0,0,1,0,0,0,0,0,0,0,0,0,inactive
915,0,0,0,1,0,0,0,0,0,0,0,0,1,1,0,0,0,0,0,0,1,0,1,0,0,0,0,0,0,0,1,0,0,0,0,2,0,0,0,0,active
916,0,0,0,0,0,0,0,0,2,1,0,0,0,0,0,0,0,0,0,0,0,0,1,0,1,0,0,0,0,0,0,1,0,0,0,0,1,0,0,0,active
917,0,0,0,1,0,0,0,0,0,0,0,0,0,0,0,0,1,1,0,0,0,0,1,0,0,0,0,0,0,0,1,0,0,0,1,0,0,0,0,0,active
918,0,0,0,1,0,0,1,0,0,0,0,0,1,0,0,0,2,0,0,0,0,0,1,0,0,0,0,0,0,0,0,0,0,0,0,0,0,1,0,0,active
919,0,0,1,0,0,0,0,0,0,0,0,0,0,0,0,0,0,0,0,0,3,0,1,0,0,0,0,0,0,0,1,0,0,0,0,0,0,0,0,0,active
920,0,0,1,0,0,0,1,0,1,0,0,0,0,0,0,0,0,0,0,0,0,0,1,0,0,0,0,0,0,0,1,0,0,0,0,1,0,0,0,0,active
921,0,0,0,1,0,1,0,0,0,0,0,0,0,1,0,0,0,0,0,1,1,0,0,0,1,0,0,0,0,0,0,0,0,0,0,0,0,0,0,0,active
922,0,0,0,0,0,0,1,0,0,0,0,1,0,0,0,0,0,1,0,0,1,0,1,0,0,0,0,0,0,0,1,0,0,0,0,0,0,0,0,0,active
923,1,0,2,0,0,0,1,0,0,0,0,0,0,0,0,0,0,0,0,0,2,0,1,0,0,0,1,0,0,0,1,0,0,0,0,0,0,0,0,0,active
924,0,0,0,0,0,0,1,0,0,1,0,1,0,0,0,0,0,0,0,0,1,0,1,0,0,0,0,0,0,0,1,0,0,0,0,0,1,0,1,0,active
925,0,0,0,1,0,0,1,0,0,0,0,0,0,1,0,0,0,0,0,0,1,0,1,0,0,0,0,0,0,0,0,0,0,0,0,1,0,0,0,0,active
926,0,0,1,0,0,0,1,0,0,0,0,0,0,0,0,0,0,0,0,0,4,0,0,0,0,0,0,0,0,0,1,0,0,0,0,0,0,0,0,0,active
927,0,0,0,0,0,0,1,0,0,0,0,0,0,0,0,0,0,1,0,1,1,0,1,0,0,0,0,0,0,0,1,0,0,0,0,1,0,0,0,0,active
928,0,0,0,1,0,0,0,0,1,0,0,0,0,0,2,0,0,1,0,0,0,0,1,0,0,0,0,0,0,0,1,1,0,0,0,0,0,0,0,0,active
929,0,0,0,0,0,0,1,0,0,0,0,0,0,0,0,0,0,1,0,1,1,0,1,0,0,0,0,0,0,0,1,0,0,0,0,1,0,0,0,0,active
930,0,0,0,2,0,0,1,0,0,0,0,0,0,1,1,0,0,0,0,0,1,0,1,0,0,0,0,0,0,0,1,0,0,0,0,0,0,0,0,0,active
931,0,0,1,0,0,0,0,0,1,0,0,0,0,0,0,0,2,1,0,0,0,0,1,0,0,1,0,0,0,0,1,0,0,0,0,0,0,0,0,0,active
932,0,0,0,1,0,0,1,0,0,0,0,0,1,0,0,0,0,0,0,0,1,0,0,0,0,0,0,0,0,0,1,0,0,0,1,1,0,0,0,0,active
933,0,0,1,0,0,0,0,0,0,0,0,0,0,0,0,0,0,0,0,0,3,0,1,0,0,0,0,0,0,0,1,0,0,0,0,0,0,0,0,0,active
934,0,1,1,0,0,0,1,0,0,0,0,0,0,0,0,0,0,0,0,0,0,0,1,0,0,1,0,0,0,0,1,0,0,0,0,1,0,0,0,0,active
935,0,0,0,0,0,0,1,0,0,0,0,0,0,0,1,0,0,1,0,0,1,0,0,0,0,0,0,0,0,0,1,0,0,0,0,1,0,0,0,0,active
936,0,0,0,1,0,0,1,0,1,0,0,0,0,1,1,0,0,0,0,0,1,0,1,0,1,0,0,0,0,0,1,0,0,0,0,0,0,0,0,0,active
937,0,0,0,0,0,0,1,0,0,1,1,0,0,0,0,0,0,0,1,0,1,0,1,0,0,0,0,0,0,0,1,0,0,0,0,2,1,0,0,0,active
938,0,0,0,1,0,0,0,0,0,0,0,0,0,0,0,0,0,0,0,0,0,0,1,0,1,0,0,0,0,0,1,0,0,0,1,2,0,0,0,0,active
939,0,0,0,1,0,0,0,0,0,1,1,1,1,0,0,0,2,0,0,0,0,0,0,0,0,0,0,0,0,0,1,0,0,0,0,0,1,0,0,0,active
940,0,0,0,0,0,1,1,1,0,0,0,0,0,0,0,0,0,0,0,0,3,0,1,0,0,0,0,0,0,0,0,0,0,0,0,0,0,0,0,0,active
941,0,0,1,0,0,0,0,1,0,0,0,0,1,0,0,0,0,0,0,0,0,1,1,0,1,0,0,0,0,0,1,0,0,0,0,0,0,0,0,0,active
942,0,0,0,0,0,0,1,0,0,1,1,0,0,1,0,0,0,0,1,0,0,0,0,0,1,0,0,0,0,0,1,0,0,1,0,0,1,0,0,0,active
943,0,0,0,0,0,0,1,0,0,0,0,0,1,0,0,1,0,1,0,0,1,0,0,0,0,0,0,0,0,0,1,0,0,0,0,0,0,0,1,0,active
944,0,1,0,0,0,0,1,0,0,0,0,0,1,0,0,0,0,1,0,0,0,0,1,0,0,0,0,0,0,0,1,0,0,0,0,0,0,0,1,0,active
945,0,0,1,1,0,0,1,0,1,0,0,0,0,0,0,0,0,0,0,0,0,0,1,0,0,0,0,0,0,0,1,0,0,0,0,2,0,0,0,0,active
946,0,0,1,0,0,1,0,0,0,0,0,0,0,0,0,0,0,0,0,0,2,0,1,0,0,0,0,0,0,0,1,0,0,0,0,0,0,0,0,0,active
947,0,0,0,0,0,0,1,1,0,0,0,0,0,1,0,1,1,0,0,0,0,0,1,0,0,0,0,0,0,0,0,0,0,0,0,0,0,0,0,0,active
948,0,0,1,0,0,0,0,0,0,0,0,0,0,0,0,0,0,0,0,1,4,0,0,0,0,0,0,0,0,0,1,0,0,0,0,0,0,0,0,0,active
949,0,0,0,1,0,0,1,0,0,0,0,0,0,0,0,0,0,1,0,0,0,0,1,0,0,0,0,0,0,0,1,0,0,0,1,1,0,0,0,0,active
950,0,0,0,1,0,0,1,2,1,0,0,0,1,0,0,0,0,0,0,0,0,0,1,0,1,0,0,0,0,0,0,0,0,0,0,0,0,0,0,0,inactive
951,0,0,0,0,0,0,1,0,0,0,0,0,1,1,0,0,0,1,0,1,1,0,1,0,0,0,0,0,1,0,0,0,0,0,0,0,0,0,0,0,inactive
952,0,0,0,1,1,0,1,0,0,0,0,0,1,0,0,0,0,0,0,0,4,0,0,1,0,0,0,0,0,0,0,0,0,0,0,0,0,0,0,0,inactive
953,0,0,0,0,0,0,1,0,1,0,0,0,1,0,0,0,0,0,0,0,1,0,1,0,0,0,0,0,0,0,1,0,0,0,0,0,0,0,0,0,inactive
954,0,0,1,0,0,0,1,0,0,0,0,0,0,0,2,0,0,1,0,0,2,0,0,0,0,1,0,0,0,0,0,0,0,0,0,0,0,0,0,0,inactive
955,0,0,0,3,0,0,1,0,0,0,0,0,0,0,0,0,0,0,0,0,1,0,0,0,0,0,0,0,0,0,1,0,0,0,0,0,0,0,0,0,inactive
956,0,0,0,0,0,0,1,0,1,0,0,0,0,1,0,0,0,0,0,0,1,0,0,0,1,0,0,0,0,0,1,0,0,0,0,2,0,0,0,0,inactive
957,1,0,0,0,0,0,1,0,0,0,0,1,0,0,0,0,0,0,0,0,2,0,0,0,0,0,0,0,0,0,0,0,0,0,0,0,0,1,0,0,inactive
958,0,0,1,0,0,0,1,0,0,0,0,0,0,0,0,0,0,0,0,0,4,0,0,0,0,0,0,0,0,0,0,0,0,0,0,1,0,0,0,0,inactive
959,0,0,1,0,0,0,1,0,0,0,0,0,1,1,0,0,0,0,0,0,2,0,0,0,0,1,0,0,0,0,0,1,0,0,0,0,0,0,0,0,inactive
960,0,0,0,0,0,0,1,0,1,0,0,0,0,0,0,0,0,1,0,0,0,0,1,0,0,0,0,0,0,0,1,0,0,0,0,0,0,0,0,0,inactive
961,0,0,0,0,0,0,0,1,0,0,0,1,0,0,0,0,0,0,0,0,0,0,0,0,1,0,0,0,0,0,1,0,0,0,0,1,0,1,0,0,inactive
962,0,0,0,1,0,0,1,0,0,0,0,1,1,0,0,0,0,0,0,0,0,0,1,0,0,0,0,0,0,0,0,1,0,0,0,0,0,0,0,0,active
963,0,0,0,1,0,0,1,0,0,0,0,0,1,1,0,0,0,0,0,0,0,0,1,0,0,0,0,0,0,0,1,0,0,0,0,1,0,0,0,0,active
964,0,0,1,1,0,0,1,0,0,0,0,0,0,0,0,0,0,0,0,0,2,0,1,0,0,0,0,0,0,0,1,0,0,0,0,1,0,0,0,0,active
965,0,0,0,1,0,0,1,0,1,0,0,0,0,0,0,0,0,0,0,0,0,0,0,0,0,0,0,0,0,0,1,0,0,0,0,2,0,0,0,0,active
966,0,0,1,0,0,0,0,1,0,0,0,0,0,0,0,0,0,0,0,0,1,0,1,0,0,0,0,0,0,0,1,0,0,0,0,0,0,0,0,0,active
967,0,0,0,0,0,0,1,0,0,1,1,2,0,0,0,0,0,0,0,0,1,0,1,0,0,0,0,0,0,0,1,0,0,0,0,0,1,0,0,0,active
968,0,0,0,0,0,0,1,0,0,0,0,0,0,0,1,0,0,0,0,0,1,0,1,0,0,0,0,0,0,0,1,0,0,0,0,1,0,0,0,0,active
969,0,0,1,1,0,0,0,0,0,0,0,0,1,0,0,0,0,0,0,0,1,0,1,0,0,0,0,0,0,0,1,0,0,0,0,0,0,0,0,0,active
970,0,0,0,0,0,0,0,0,0,0,0,0,0,0,0,0,0,0,0,0,4,0,0,0,0,0,0,0,0,0,1,0,0,0,0,1,0,0,0,0,active
971,0,0,1,1,0,0,1,0,0,0,0,0,0,0,0,0,0,0,0,0,0,0,1,0,0,0,0,0,0,0,1,0,0,0,0,0,0,0,0,0,active
972,0,0,0,1,0,0,1,0,0,0,0,0,0,0,0,0,0,0,0,0,1,0,1,0,0,0,0,0,0,0,1,0,0,0,0,1,0,0,0,0,active
973,0,0,1,1,0,0,1,0,0,0,0,0,1,0,0,0,1,0,0,0,0,0,0,0,1,0,0,0,0,0,1,0,0,0,0,0,0,1,0,0,active
974,0,0,0,0,0,0,0,0,0,0,0,0,0,0,0,0,2,0,0,0,1,0,1,0,0,0,0,0,0,0,1,0,0,0,0,0,0,0,0,0,active
975,0,0,0,0,0,0,1,0,0,0,0,0,0,0,0,0,0,0,0,0,2,0,1,0,0,0,0,0,0,0,1,0,0,0,0,0,0,0,0,0,active
976,0,0,0,3,0,0,0,0,0,0,0,0,1,1,0,0,0,0,0,0,0,0,0,0,0,0,0,0,0,0,1,0,0,0,0,0,0,0,0,0,active
977,0,0,2,0,0,0,0,1,0,0,0,0,0,0,0,0,0,0,0,0,0,0,1,0,0,0,0,0,0,0,1,0,0,0,0,0,0,0,0,0,active
978,0,0,1,0,0,1,0,2,0,0,0,0,0,0,0,0,0,0,0,0,0,0,0,0,0,0,0,0,0,0,1,0,0,0,0,0,0,0,0,0,active
979,0,0,0,0,0,0,1,0,0,0,0,0,0,0,0,0,0,0,0,0,1,0,1,0,0,0,0,1,0,0,0,0,0,0,0,2,0,0,0,0,active
980,0,0,0,0,0,0,0,0,1,0,0,0,0,0,0,0,0,1,0,0,1,0,0,0,0,0,0,0,0,0,1,0,0,0,0,0,0,0,0,0,active
981,0,0,0,1,0,0,1,0,0,0,0,0,0,0,0,0,0,0,0,0,1,0,1,0,0,0,0,0,0,0,1,0,0,0,0,1,0,0,0,0,active
982,0,0,0,0,0,0,1,0,0,0,0,0,0,1,0,0,2,0,0,0,1,0,1,0,0,0,0,0,0,0,0,0,0,0,0,0,0,0,0,0,active
983,0,0,0,1,0,0,1,0,0,0,0,1,1,0,0,0,0,0,0,0,0,0,1,0,0,0,0,0,0,0,0,1,0,0,0,0,0,0,0,0,active
984,0,0,0,0,1,0,0,0,0,1,1,0,0,0,0,0,0,0,1,0,0,0,1,0,0,0,0,0,0,0,1,0,0,1,0,0,0,0,0,0,active
985,0,0,2,0,0,0,0,1,0,0,0,0,0,1,0,0,0,0,0,0,1,0,0,0,0,0,1,0,0,0,1,0,0,0,0,0,0,0,0,0,active
986,0,0,2,0,0,0,0,0,0,0,0,0,0,0,0,0,0,0,0,0,0,0,1,0,0,0,0,0,0,0,1,0,0,0,0,0,0,0,0,0,active
987,0,0,2,0,0,0,1,0,0,0,0,0,0,0,0,0,0,0,0,0,1,0,1,0,0,0,1,0,0,0,1,0,0,0,0,0,0,0,0,0,active
988,1,0,0,0,0,0,0,0,0,0,0,0,0,0,0,0,0,0,0,0,3,0,1,0,0,0,0,0,0,0,0,0,0,0,0,0,0,0,0,0,active
989,0,0,1,0,0,0,0,0,0,0,0,0,0,0,0,0,2,0,0,0,1,0,1,0,0,0,0,0,0,0,0,0,0,0,0,0,0,0,0,0,active
990,0,0,0,0,0,0,1,0,1,0,0,0,0,0,0,0,0,0,0,0,0,0,1,0,0,0,0,0,0,2,1,0,0,0,0,0,0,0,0,0,active
991,0,0,0,1,0,0,1,0,1,0,0,0,0,0,1,0,0,0,0,0,0,0,1,0,0,0,0,0,0,0,1,0,0,0,0,0,0,1,0,0,active
992,0,0,0,0,0,0,1,0,0,0,1,0,0,1,0,0,0,0,0,0,0,0,0,0,0,1,0,0,0,1,1,0,0,1,0,0,0,0,0,0,active
993,0,0,0,1,0,0,1,0,1,0,0,0,0,0,0,0,0,0,0,0,0,0,1,0,0,0,0,0,0,0,1,1,0,0,0,0,0,0,0,0,active
994,0,0,1,1,0,0,0,0,0,0,0,0,1,0,0,0,0,0,0,0,0,0,1,0,0,1,0,0,0,0,1,0,0,0,0,0,0,0,0,0,active
995,0,0,0,0,0,0,1,0,0,0,0,0,0,1,0,0,0,1,0,0,0,0,1,0,0,0,0,0,0,0,1,0,0,0,0,0,0,0,0,0,inactive
996,0,0,0,0,0,0,1,0,0,1,0,0,0,0,0,1,0,0,0,0,1,0,0,0,0,1,0,0,0,0,0,0,0,0,0,0,0,0,0,0,active
997,0,0,0,0,0,0,1,0,1,0,0,0,0,0,0,0,2,0,0,0,0,0,1,0,0,0,0,0,0,0,1,0,0,0,0,0,0,0,0,0,active
998,0,0,0,0,0,0,1,0,0,0,0,0,0,0,0,0,0,0,0,0,1,0,1,0,0,0,0,0,0,0,1,0,0,0,1,0,0,0,0,0,active
999,0,0,1,0,0,0,0,0,0,0,0,0,1,0,0,0,0,0,0,0,1,0,1,0,0,0,0,0,0,0,0,0,0,0,0,0,0,0,0,0,active
1000,0,0,0,0,0,0,1,0,0,1,0,1,0,0,0,1,2,0,0,0,0,0,0,0,0,0,0,0,0,0,0,0,0,0,0,0,0,0,0,0,active
1001,0,0,0,0,1,0,1,0,0,0,0,0,0,0,0,0,0,0,0,0,2,0,0,0,0,0,0,0,0,0,0,0,0,0,0,0,0,0,0,0,inactive
1002,0,0,0,0,0,0,0,0,0,0,0,0,0,1,1,0,0,0,0,0,0,0,0,0,0,0,0,0,0,0,0,0,0,0,0,0,0,0,0,0,active
